G(出賽數  )	W( 勝投)	L( 敗投)	SV(救援成功)	BS(救援失敗)	HLD(中繼成功)	IP(投球局數)	WHIP(每局被上壘率)公式：（安打＋四壞球）／投球局數	ERA(投手防禦率)	H(被安打數)	HR(被全壘打)	BB(四壞球 )	IBB(故意四壞球 )	HBP(觸身球)	SO(三振)	GO(  滾球出局)	AO(飛球出局 )
"52,3,5,4,6,18,51,1.75,5.12,73,4,16,1,0,41,57,44"	3	5	4	6	18	51	1.75	5.12	73	4	16	1	0	41	57	44
51	"51,3,4,3,5,14,48,1.44,4.31,55,4,14,3,0,36,66,41"	"51,3,4,3,5,14,48,1.44,4.31,55,4,14,3,0,36,66,41"	"51,3,4,3,5,14,48,1.44,4.31,55,4,14,3,0,36,66,41"	"51,3,4,3,5,14,48,1.44,4.31,55,4,14,3,0,36,66,41"	51	"51,3,4,3,5,14,48,1.44,4.31,55,4,14,3,0,36,66,41"	"51,3,4,3,5,14,48,1.44,4.31,55,4,14,3,0,36,66,41"	"51,3,4,3,5,14,48,1.44,4.31,55,4,14,3,0,36,66,41"	"51,3,4,3,5,14,48,1.44,4.31,55,4,14,3,0,36,66,41"	"51,3,4,3,5,14,48,1.44,4.31,55,4,14,3,0,36,66,41"	"51,3,4,3,5,14,48,1.44,4.31,55,4,14,3,0,36,66,41"	"51,3,4,3,5,14,48,1.44,4.31,55,4,14,3,0,36,66,41"	"51,3,4,3,5,14,48,1.44,4.31,55,4,14,3,0,36,66,41"	"51,3,4,3,5,14,48,1.44,4.31,55,4,14,3,0,36,66,41"	"51,3,4,3,5,14,48,1.44,4.31,55,4,14,3,0,36,66,41"	"51,3,4,3,5,14,48,1.44,4.31,55,4,14,3,0,36,66,41"
51	"51,2,3,0,1,16,45.2,1.29,3.15,45,3,14,0,1,35,63,41"	"51,2,3,0,1,16,45.2,1.29,3.15,45,3,14,0,1,35,63,41"	"51,2,3,0,1,16,45.2,1.29,3.15,45,3,14,0,1,35,63,41"	"51,2,3,0,1,16,45.2,1.29,3.15,45,3,14,0,1,35,63,41"	51	"51,2,3,0,1,16,45.2,1.29,3.15,45,3,14,0,1,35,63,41"	"51,2,3,0,1,16,45.2,1.29,3.15,45,3,14,0,1,35,63,41"	"51,2,3,0,1,16,45.2,1.29,3.15,45,3,14,0,1,35,63,41"	"51,2,3,0,1,16,45.2,1.29,3.15,45,3,14,0,1,35,63,41"	"51,2,3,0,1,16,45.2,1.29,3.15,45,3,14,0,1,35,63,41"	"51,2,3,0,1,16,45.2,1.29,3.15,45,3,14,0,1,35,63,41"	"51,2,3,0,1,16,45.2,1.29,3.15,45,3,14,0,1,35,63,41"	"51,2,3,0,1,16,45.2,1.29,3.15,45,3,14,0,1,35,63,41"	"51,2,3,0,1,16,45.2,1.29,3.15,45,3,14,0,1,35,63,41"	"51,2,3,0,1,16,45.2,1.29,3.15,45,3,14,0,1,35,63,41"	"51,2,3,0,1,16,45.2,1.29,3.15,45,3,14,0,1,35,63,41"
46	"46,4,3,2,2,20,42.2,1.55,3.59,47,3,19,1,4,34,54,35"	"46,4,3,2,2,20,42.2,1.55,3.59,47,3,19,1,4,34,54,35"	"46,4,3,2,2,20,42.2,1.55,3.59,47,3,19,1,4,34,54,35"	"46,4,3,2,2,20,42.2,1.55,3.59,47,3,19,1,4,34,54,35"	46	"46,4,3,2,2,20,42.2,1.55,3.59,47,3,19,1,4,34,54,35"	"46,4,3,2,2,20,42.2,1.55,3.59,47,3,19,1,4,34,54,35"	"46,4,3,2,2,20,42.2,1.55,3.59,47,3,19,1,4,34,54,35"	"46,4,3,2,2,20,42.2,1.55,3.59,47,3,19,1,4,34,54,35"	"46,4,3,2,2,20,42.2,1.55,3.59,47,3,19,1,4,34,54,35"	"46,4,3,2,2,20,42.2,1.55,3.59,47,3,19,1,4,34,54,35"	"46,4,3,2,2,20,42.2,1.55,3.59,47,3,19,1,4,34,54,35"	"46,4,3,2,2,20,42.2,1.55,3.59,47,3,19,1,4,34,54,35"	"46,4,3,2,2,20,42.2,1.55,3.59,47,3,19,1,4,34,54,35"	"46,4,3,2,2,20,42.2,1.55,3.59,47,3,19,1,4,34,54,35"	"46,4,3,2,2,20,42.2,1.55,3.59,47,3,19,1,4,34,54,35"
44	"44,3,4,1,5,12,52.1,1.22,3.44,55,4,9,1,2,47,63,50"	"44,3,4,1,5,12,52.1,1.22,3.44,55,4,9,1,2,47,63,50"	"44,3,4,1,5,12,52.1,1.22,3.44,55,4,9,1,2,47,63,50"	"44,3,4,1,5,12,52.1,1.22,3.44,55,4,9,1,2,47,63,50"	44	"44,3,4,1,5,12,52.1,1.22,3.44,55,4,9,1,2,47,63,50"	"44,3,4,1,5,12,52.1,1.22,3.44,55,4,9,1,2,47,63,50"	"44,3,4,1,5,12,52.1,1.22,3.44,55,4,9,1,2,47,63,50"	"44,3,4,1,5,12,52.1,1.22,3.44,55,4,9,1,2,47,63,50"	"44,3,4,1,5,12,52.1,1.22,3.44,55,4,9,1,2,47,63,50"	"44,3,4,1,5,12,52.1,1.22,3.44,55,4,9,1,2,47,63,50"	"44,3,4,1,5,12,52.1,1.22,3.44,55,4,9,1,2,47,63,50"	"44,3,4,1,5,12,52.1,1.22,3.44,55,4,9,1,2,47,63,50"	"44,3,4,1,5,12,52.1,1.22,3.44,55,4,9,1,2,47,63,50"	"44,3,4,1,5,12,52.1,1.22,3.44,55,4,9,1,2,47,63,50"	"44,3,4,1,5,12,52.1,1.22,3.44,55,4,9,1,2,47,63,50"
43	"43,1,1,12,0,9,41,1.1,3.07,38,3,7,1,0,46,28,44"	"43,1,1,12,0,9,41,1.1,3.07,38,3,7,1,0,46,28,44"	"43,1,1,12,0,9,41,1.1,3.07,38,3,7,1,0,46,28,44"	"43,1,1,12,0,9,41,1.1,3.07,38,3,7,1,0,46,28,44"	43	"43,1,1,12,0,9,41,1.1,3.07,38,3,7,1,0,46,28,44"	"43,1,1,12,0,9,41,1.1,3.07,38,3,7,1,0,46,28,44"	"43,1,1,12,0,9,41,1.1,3.07,38,3,7,1,0,46,28,44"	"43,1,1,12,0,9,41,1.1,3.07,38,3,7,1,0,46,28,44"	"43,1,1,12,0,9,41,1.1,3.07,38,3,7,1,0,46,28,44"	"43,1,1,12,0,9,41,1.1,3.07,38,3,7,1,0,46,28,44"	"43,1,1,12,0,9,41,1.1,3.07,38,3,7,1,0,46,28,44"	"43,1,1,12,0,9,41,1.1,3.07,38,3,7,1,0,46,28,44"	"43,1,1,12,0,9,41,1.1,3.07,38,3,7,1,0,46,28,44"	"43,1,1,12,0,9,41,1.1,3.07,38,3,7,1,0,46,28,44"	"43,1,1,12,0,9,41,1.1,3.07,38,3,7,1,0,46,28,44"
42	"42,1,3,1,2,7,36.1,1.65,5.2,53,7,7,6,4,27,33,45"	"42,1,3,1,2,7,36.1,1.65,5.2,53,7,7,6,4,27,33,45"	"42,1,3,1,2,7,36.1,1.65,5.2,53,7,7,6,4,27,33,45"	"42,1,3,1,2,7,36.1,1.65,5.2,53,7,7,6,4,27,33,45"	42	"42,1,3,1,2,7,36.1,1.65,5.2,53,7,7,6,4,27,33,45"	"42,1,3,1,2,7,36.1,1.65,5.2,53,7,7,6,4,27,33,45"	"42,1,3,1,2,7,36.1,1.65,5.2,53,7,7,6,4,27,33,45"	"42,1,3,1,2,7,36.1,1.65,5.2,53,7,7,6,4,27,33,45"	"42,1,3,1,2,7,36.1,1.65,5.2,53,7,7,6,4,27,33,45"	"42,1,3,1,2,7,36.1,1.65,5.2,53,7,7,6,4,27,33,45"	"42,1,3,1,2,7,36.1,1.65,5.2,53,7,7,6,4,27,33,45"	"42,1,3,1,2,7,36.1,1.65,5.2,53,7,7,6,4,27,33,45"	"42,1,3,1,2,7,36.1,1.65,5.2,53,7,7,6,4,27,33,45"	"42,1,3,1,2,7,36.1,1.65,5.2,53,7,7,6,4,27,33,45"	"42,1,3,1,2,7,36.1,1.65,5.2,53,7,7,6,4,27,33,45"
42	"42,2,0,0,1,12,36.2,1.17,3.44,33,5,10,1,0,32,28,48"	"42,2,0,0,1,12,36.2,1.17,3.44,33,5,10,1,0,32,28,48"	"42,2,0,0,1,12,36.2,1.17,3.44,33,5,10,1,0,32,28,48"	"42,2,0,0,1,12,36.2,1.17,3.44,33,5,10,1,0,32,28,48"	42	"42,2,0,0,1,12,36.2,1.17,3.44,33,5,10,1,0,32,28,48"	"42,2,0,0,1,12,36.2,1.17,3.44,33,5,10,1,0,32,28,48"	"42,2,0,0,1,12,36.2,1.17,3.44,33,5,10,1,0,32,28,48"	"42,2,0,0,1,12,36.2,1.17,3.44,33,5,10,1,0,32,28,48"	"42,2,0,0,1,12,36.2,1.17,3.44,33,5,10,1,0,32,28,48"	"42,2,0,0,1,12,36.2,1.17,3.44,33,5,10,1,0,32,28,48"	"42,2,0,0,1,12,36.2,1.17,3.44,33,5,10,1,0,32,28,48"	"42,2,0,0,1,12,36.2,1.17,3.44,33,5,10,1,0,32,28,48"	"42,2,0,0,1,12,36.2,1.17,3.44,33,5,10,1,0,32,28,48"	"42,2,0,0,1,12,36.2,1.17,3.44,33,5,10,1,0,32,28,48"	"42,2,0,0,1,12,36.2,1.17,3.44,33,5,10,1,0,32,28,48"
41	"41,0,1,0,2,10,31,1.74,3.48,36,0,18,3,1,18,41,31"	"41,0,1,0,2,10,31,1.74,3.48,36,0,18,3,1,18,41,31"	"41,0,1,0,2,10,31,1.74,3.48,36,0,18,3,1,18,41,31"	"41,0,1,0,2,10,31,1.74,3.48,36,0,18,3,1,18,41,31"	41	"41,0,1,0,2,10,31,1.74,3.48,36,0,18,3,1,18,41,31"	"41,0,1,0,2,10,31,1.74,3.48,36,0,18,3,1,18,41,31"	"41,0,1,0,2,10,31,1.74,3.48,36,0,18,3,1,18,41,31"	"41,0,1,0,2,10,31,1.74,3.48,36,0,18,3,1,18,41,31"	"41,0,1,0,2,10,31,1.74,3.48,36,0,18,3,1,18,41,31"	"41,0,1,0,2,10,31,1.74,3.48,36,0,18,3,1,18,41,31"	"41,0,1,0,2,10,31,1.74,3.48,36,0,18,3,1,18,41,31"	"41,0,1,0,2,10,31,1.74,3.48,36,0,18,3,1,18,41,31"	"41,0,1,0,2,10,31,1.74,3.48,36,0,18,3,1,18,41,31"	"41,0,1,0,2,10,31,1.74,3.48,36,0,18,3,1,18,41,31"	"41,0,1,0,2,10,31,1.74,3.48,36,0,18,3,1,18,41,31"
38	"38,3,1,15,3,3,35,1.26,4.11,27,2,17,2,3,50,26,28"	"38,3,1,15,3,3,35,1.26,4.11,27,2,17,2,3,50,26,28"	"38,3,1,15,3,3,35,1.26,4.11,27,2,17,2,3,50,26,28"	"38,3,1,15,3,3,35,1.26,4.11,27,2,17,2,3,50,26,28"	38	"38,3,1,15,3,3,35,1.26,4.11,27,2,17,2,3,50,26,28"	"38,3,1,15,3,3,35,1.26,4.11,27,2,17,2,3,50,26,28"	"38,3,1,15,3,3,35,1.26,4.11,27,2,17,2,3,50,26,28"	"38,3,1,15,3,3,35,1.26,4.11,27,2,17,2,3,50,26,28"	"38,3,1,15,3,3,35,1.26,4.11,27,2,17,2,3,50,26,28"	"38,3,1,15,3,3,35,1.26,4.11,27,2,17,2,3,50,26,28"	"38,3,1,15,3,3,35,1.26,4.11,27,2,17,2,3,50,26,28"	"38,3,1,15,3,3,35,1.26,4.11,27,2,17,2,3,50,26,28"	"38,3,1,15,3,3,35,1.26,4.11,27,2,17,2,3,50,26,28"	"38,3,1,15,3,3,35,1.26,4.11,27,2,17,2,3,50,26,28"	"38,3,1,15,3,3,35,1.26,4.11,27,2,17,2,3,50,26,28"
"37,2,5,21,4,2,37.1,1.61,3.38,46,2,14,2,1,39,31,38"	"37,2,5,21,4,2,37.1,1.61,3.38,46,2,14,2,1,39,31,38"	"37,2,5,21,4,2,37.1,1.61,3.38,46,2,14,2,1,39,31,38"	"37,2,5,21,4,2,37.1,1.61,3.38,46,2,14,2,1,39,31,38"	"37,2,5,21,4,2,37.1,1.61,3.38,46,2,14,2,1,39,31,38"	37	"37,2,5,21,4,2,37.1,1.61,3.38,46,2,14,2,1,39,31,38"	"37,2,5,21,4,2,37.1,1.61,3.38,46,2,14,2,1,39,31,38"	"37,2,5,21,4,2,37.1,1.61,3.38,46,2,14,2,1,39,31,38"	"37,2,5,21,4,2,37.1,1.61,3.38,46,2,14,2,1,39,31,38"	"37,2,5,21,4,2,37.1,1.61,3.38,46,2,14,2,1,39,31,38"	"37,2,5,21,4,2,37.1,1.61,3.38,46,2,14,2,1,39,31,38"	"37,2,5,21,4,2,37.1,1.61,3.38,46,2,14,2,1,39,31,38"	"37,2,5,21,4,2,37.1,1.61,3.38,46,2,14,2,1,39,31,38"	"37,2,5,21,4,2,37.1,1.61,3.38,46,2,14,2,1,39,31,38"	"37,2,5,21,4,2,37.1,1.61,3.38,46,2,14,2,1,39,31,38"	"37,2,5,21,4,2,37.1,1.61,3.38,46,2,14,2,1,39,31,38"
"34,4,3,0,1,8,39.2,1.03,3.18,32,3,9,2,1,34,44,33"	"34,4,3,0,1,8,39.2,1.03,3.18,32,3,9,2,1,34,44,33"	"34,4,3,0,1,8,39.2,1.03,3.18,32,3,9,2,1,34,44,33"	"34,4,3,0,1,8,39.2,1.03,3.18,32,3,9,2,1,34,44,33"	"34,4,3,0,1,8,39.2,1.03,3.18,32,3,9,2,1,34,44,33"	34	"34,4,3,0,1,8,39.2,1.03,3.18,32,3,9,2,1,34,44,33"	"34,4,3,0,1,8,39.2,1.03,3.18,32,3,9,2,1,34,44,33"	"34,4,3,0,1,8,39.2,1.03,3.18,32,3,9,2,1,34,44,33"	"34,4,3,0,1,8,39.2,1.03,3.18,32,3,9,2,1,34,44,33"	"34,4,3,0,1,8,39.2,1.03,3.18,32,3,9,2,1,34,44,33"	"34,4,3,0,1,8,39.2,1.03,3.18,32,3,9,2,1,34,44,33"	"34,4,3,0,1,8,39.2,1.03,3.18,32,3,9,2,1,34,44,33"	"34,4,3,0,1,8,39.2,1.03,3.18,32,3,9,2,1,34,44,33"	"34,4,3,0,1,8,39.2,1.03,3.18,32,3,9,2,1,34,44,33"	"34,4,3,0,1,8,39.2,1.03,3.18,32,3,9,2,1,34,44,33"	"34,4,3,0,1,8,39.2,1.03,3.18,32,3,9,2,1,34,44,33"
"34,1,2,1,2,5,38,1.16,5.45,38,4,6,0,4,17,42,52"	"34,1,2,1,2,5,38,1.16,5.45,38,4,6,0,4,17,42,52"	"34,1,2,1,2,5,38,1.16,5.45,38,4,6,0,4,17,42,52"	"34,1,2,1,2,5,38,1.16,5.45,38,4,6,0,4,17,42,52"	"34,1,2,1,2,5,38,1.16,5.45,38,4,6,0,4,17,42,52"	34	"34,1,2,1,2,5,38,1.16,5.45,38,4,6,0,4,17,42,52"	"34,1,2,1,2,5,38,1.16,5.45,38,4,6,0,4,17,42,52"	"34,1,2,1,2,5,38,1.16,5.45,38,4,6,0,4,17,42,52"	"34,1,2,1,2,5,38,1.16,5.45,38,4,6,0,4,17,42,52"	"34,1,2,1,2,5,38,1.16,5.45,38,4,6,0,4,17,42,52"	"34,1,2,1,2,5,38,1.16,5.45,38,4,6,0,4,17,42,52"	"34,1,2,1,2,5,38,1.16,5.45,38,4,6,0,4,17,42,52"	"34,1,2,1,2,5,38,1.16,5.45,38,4,6,0,4,17,42,52"	"34,1,2,1,2,5,38,1.16,5.45,38,4,6,0,4,17,42,52"	"34,1,2,1,2,5,38,1.16,5.45,38,4,6,0,4,17,42,52"	"34,1,2,1,2,5,38,1.16,5.45,38,4,6,0,4,17,42,52"
"32,1,2,1,2,6,34.1,1.66,3.67,42,3,15,1,1,29,34,38"	"32,1,2,1,2,6,34.1,1.66,3.67,42,3,15,1,1,29,34,38"	"32,1,2,1,2,6,34.1,1.66,3.67,42,3,15,1,1,29,34,38"	"32,1,2,1,2,6,34.1,1.66,3.67,42,3,15,1,1,29,34,38"	"32,1,2,1,2,6,34.1,1.66,3.67,42,3,15,1,1,29,34,38"	32	"32,1,2,1,2,6,34.1,1.66,3.67,42,3,15,1,1,29,34,38"	"32,1,2,1,2,6,34.1,1.66,3.67,42,3,15,1,1,29,34,38"	"32,1,2,1,2,6,34.1,1.66,3.67,42,3,15,1,1,29,34,38"	"32,1,2,1,2,6,34.1,1.66,3.67,42,3,15,1,1,29,34,38"	"32,1,2,1,2,6,34.1,1.66,3.67,42,3,15,1,1,29,34,38"	"32,1,2,1,2,6,34.1,1.66,3.67,42,3,15,1,1,29,34,38"	"32,1,2,1,2,6,34.1,1.66,3.67,42,3,15,1,1,29,34,38"	"32,1,2,1,2,6,34.1,1.66,3.67,42,3,15,1,1,29,34,38"	"32,1,2,1,2,6,34.1,1.66,3.67,42,3,15,1,1,29,34,38"	"32,1,2,1,2,6,34.1,1.66,3.67,42,3,15,1,1,29,34,38"	"32,1,2,1,2,6,34.1,1.66,3.67,42,3,15,1,1,29,34,38"
"30,3,3,3,1,5,35.1,1.95,6.62,52,4,17,2,2,21,41,38"	"30,3,3,3,1,5,35.1,1.95,6.62,52,4,17,2,2,21,41,38"	"30,3,3,3,1,5,35.1,1.95,6.62,52,4,17,2,2,21,41,38"	"30,3,3,3,1,5,35.1,1.95,6.62,52,4,17,2,2,21,41,38"	"30,3,3,3,1,5,35.1,1.95,6.62,52,4,17,2,2,21,41,38"	30	"30,3,3,3,1,5,35.1,1.95,6.62,52,4,17,2,2,21,41,38"	"30,3,3,3,1,5,35.1,1.95,6.62,52,4,17,2,2,21,41,38"	"30,3,3,3,1,5,35.1,1.95,6.62,52,4,17,2,2,21,41,38"	"30,3,3,3,1,5,35.1,1.95,6.62,52,4,17,2,2,21,41,38"	"30,3,3,3,1,5,35.1,1.95,6.62,52,4,17,2,2,21,41,38"	"30,3,3,3,1,5,35.1,1.95,6.62,52,4,17,2,2,21,41,38"	"30,3,3,3,1,5,35.1,1.95,6.62,52,4,17,2,2,21,41,38"	"30,3,3,3,1,5,35.1,1.95,6.62,52,4,17,2,2,21,41,38"	"30,3,3,3,1,5,35.1,1.95,6.62,52,4,17,2,2,21,41,38"	"30,3,3,3,1,5,35.1,1.95,6.62,52,4,17,2,2,21,41,38"	"30,3,3,3,1,5,35.1,1.95,6.62,52,4,17,2,2,21,41,38"
"29,0,0,0,0,4,26.2,1.46,5.06,31,2,8,0,1,29,19,28"	"29,0,0,0,0,4,26.2,1.46,5.06,31,2,8,0,1,29,19,28"	"29,0,0,0,0,4,26.2,1.46,5.06,31,2,8,0,1,29,19,28"	"29,0,0,0,0,4,26.2,1.46,5.06,31,2,8,0,1,29,19,28"	"29,0,0,0,0,4,26.2,1.46,5.06,31,2,8,0,1,29,19,28"	29	"29,0,0,0,0,4,26.2,1.46,5.06,31,2,8,0,1,29,19,28"	"29,0,0,0,0,4,26.2,1.46,5.06,31,2,8,0,1,29,19,28"	"29,0,0,0,0,4,26.2,1.46,5.06,31,2,8,0,1,29,19,28"	"29,0,0,0,0,4,26.2,1.46,5.06,31,2,8,0,1,29,19,28"	"29,0,0,0,0,4,26.2,1.46,5.06,31,2,8,0,1,29,19,28"	"29,0,0,0,0,4,26.2,1.46,5.06,31,2,8,0,1,29,19,28"	"29,0,0,0,0,4,26.2,1.46,5.06,31,2,8,0,1,29,19,28"	"29,0,0,0,0,4,26.2,1.46,5.06,31,2,8,0,1,29,19,28"	"29,0,0,0,0,4,26.2,1.46,5.06,31,2,8,0,1,29,19,28"	"29,0,0,0,0,4,26.2,1.46,5.06,31,2,8,0,1,29,19,28"	"29,0,0,0,0,4,26.2,1.46,5.06,31,2,8,0,1,29,19,28"
"29,4,2,0,5,9,24.1,1.52,5.18,34,4,3,0,0,22,29,22"	"29,4,2,0,5,9,24.1,1.52,5.18,34,4,3,0,0,22,29,22"	"29,4,2,0,5,9,24.1,1.52,5.18,34,4,3,0,0,22,29,22"	"29,4,2,0,5,9,24.1,1.52,5.18,34,4,3,0,0,22,29,22"	"29,4,2,0,5,9,24.1,1.52,5.18,34,4,3,0,0,22,29,22"	29	"29,4,2,0,5,9,24.1,1.52,5.18,34,4,3,0,0,22,29,22"	"29,4,2,0,5,9,24.1,1.52,5.18,34,4,3,0,0,22,29,22"	"29,4,2,0,5,9,24.1,1.52,5.18,34,4,3,0,0,22,29,22"	"29,4,2,0,5,9,24.1,1.52,5.18,34,4,3,0,0,22,29,22"	"29,4,2,0,5,9,24.1,1.52,5.18,34,4,3,0,0,22,29,22"	"29,4,2,0,5,9,24.1,1.52,5.18,34,4,3,0,0,22,29,22"	"29,4,2,0,5,9,24.1,1.52,5.18,34,4,3,0,0,22,29,22"	"29,4,2,0,5,9,24.1,1.52,5.18,34,4,3,0,0,22,29,22"	"29,4,2,0,5,9,24.1,1.52,5.18,34,4,3,0,0,22,29,22"	"29,4,2,0,5,9,24.1,1.52,5.18,34,4,3,0,0,22,29,22"	"29,4,2,0,5,9,24.1,1.52,5.18,34,4,3,0,0,22,29,22"
"28,0,0,0,2,4,19,2.16,7.11,22,4,19,1,1,21,15,21"	"28,0,0,0,2,4,19,2.16,7.11,22,4,19,1,1,21,15,21"	"28,0,0,0,2,4,19,2.16,7.11,22,4,19,1,1,21,15,21"	"28,0,0,0,2,4,19,2.16,7.11,22,4,19,1,1,21,15,21"	"28,0,0,0,2,4,19,2.16,7.11,22,4,19,1,1,21,15,21"	28	"28,0,0,0,2,4,19,2.16,7.11,22,4,19,1,1,21,15,21"	"28,0,0,0,2,4,19,2.16,7.11,22,4,19,1,1,21,15,21"	"28,0,0,0,2,4,19,2.16,7.11,22,4,19,1,1,21,15,21"	"28,0,0,0,2,4,19,2.16,7.11,22,4,19,1,1,21,15,21"	"28,0,0,0,2,4,19,2.16,7.11,22,4,19,1,1,21,15,21"	"28,0,0,0,2,4,19,2.16,7.11,22,4,19,1,1,21,15,21"	"28,0,0,0,2,4,19,2.16,7.11,22,4,19,1,1,21,15,21"	"28,0,0,0,2,4,19,2.16,7.11,22,4,19,1,1,21,15,21"	"28,0,0,0,2,4,19,2.16,7.11,22,4,19,1,1,21,15,21"	"28,0,0,0,2,4,19,2.16,7.11,22,4,19,1,1,21,15,21"	"28,0,0,0,2,4,19,2.16,7.11,22,4,19,1,1,21,15,21"
"27,3,2,0,4,10,24.1,1.27,4.44,18,3,13,0,1,31,21,20"	"27,3,2,0,4,10,24.1,1.27,4.44,18,3,13,0,1,31,21,20"	"27,3,2,0,4,10,24.1,1.27,4.44,18,3,13,0,1,31,21,20"	"27,3,2,0,4,10,24.1,1.27,4.44,18,3,13,0,1,31,21,20"	"27,3,2,0,4,10,24.1,1.27,4.44,18,3,13,0,1,31,21,20"	27	"27,3,2,0,4,10,24.1,1.27,4.44,18,3,13,0,1,31,21,20"	"27,3,2,0,4,10,24.1,1.27,4.44,18,3,13,0,1,31,21,20"	"27,3,2,0,4,10,24.1,1.27,4.44,18,3,13,0,1,31,21,20"	"27,3,2,0,4,10,24.1,1.27,4.44,18,3,13,0,1,31,21,20"	"27,3,2,0,4,10,24.1,1.27,4.44,18,3,13,0,1,31,21,20"	"27,3,2,0,4,10,24.1,1.27,4.44,18,3,13,0,1,31,21,20"	"27,3,2,0,4,10,24.1,1.27,4.44,18,3,13,0,1,31,21,20"	"27,3,2,0,4,10,24.1,1.27,4.44,18,3,13,0,1,31,21,20"	"27,3,2,0,4,10,24.1,1.27,4.44,18,3,13,0,1,31,21,20"	"27,3,2,0,4,10,24.1,1.27,4.44,18,3,13,0,1,31,21,20"	"27,3,2,0,4,10,24.1,1.27,4.44,18,3,13,0,1,31,21,20"
"24,1,1,0,1,2,30.2,1.5,6.46,42,6,4,1,2,21,25,46"	"24,1,1,0,1,2,30.2,1.5,6.46,42,6,4,1,2,21,25,46"	"24,1,1,0,1,2,30.2,1.5,6.46,42,6,4,1,2,21,25,46"	"24,1,1,0,1,2,30.2,1.5,6.46,42,6,4,1,2,21,25,46"	"24,1,1,0,1,2,30.2,1.5,6.46,42,6,4,1,2,21,25,46"	24	"24,1,1,0,1,2,30.2,1.5,6.46,42,6,4,1,2,21,25,46"	"24,1,1,0,1,2,30.2,1.5,6.46,42,6,4,1,2,21,25,46"	"24,1,1,0,1,2,30.2,1.5,6.46,42,6,4,1,2,21,25,46"	"24,1,1,0,1,2,30.2,1.5,6.46,42,6,4,1,2,21,25,46"	"24,1,1,0,1,2,30.2,1.5,6.46,42,6,4,1,2,21,25,46"	"24,1,1,0,1,2,30.2,1.5,6.46,42,6,4,1,2,21,25,46"	"24,1,1,0,1,2,30.2,1.5,6.46,42,6,4,1,2,21,25,46"	"24,1,1,0,1,2,30.2,1.5,6.46,42,6,4,1,2,21,25,46"	"24,1,1,0,1,2,30.2,1.5,6.46,42,6,4,1,2,21,25,46"	"24,1,1,0,1,2,30.2,1.5,6.46,42,6,4,1,2,21,25,46"	"24,1,1,0,1,2,30.2,1.5,6.46,42,6,4,1,2,21,25,46"
"23,1,5,0,1,3,36,1.81,7.5,45,1,20,0,5,29,37,40"	"23,1,5,0,1,3,36,1.81,7.5,45,1,20,0,5,29,37,40"	"23,1,5,0,1,3,36,1.81,7.5,45,1,20,0,5,29,37,40"	"23,1,5,0,1,3,36,1.81,7.5,45,1,20,0,5,29,37,40"	"23,1,5,0,1,3,36,1.81,7.5,45,1,20,0,5,29,37,40"	23	"23,1,5,0,1,3,36,1.81,7.5,45,1,20,0,5,29,37,40"	"23,1,5,0,1,3,36,1.81,7.5,45,1,20,0,5,29,37,40"	"23,1,5,0,1,3,36,1.81,7.5,45,1,20,0,5,29,37,40"	"23,1,5,0,1,3,36,1.81,7.5,45,1,20,0,5,29,37,40"	"23,1,5,0,1,3,36,1.81,7.5,45,1,20,0,5,29,37,40"	"23,1,5,0,1,3,36,1.81,7.5,45,1,20,0,5,29,37,40"	"23,1,5,0,1,3,36,1.81,7.5,45,1,20,0,5,29,37,40"	"23,1,5,0,1,3,36,1.81,7.5,45,1,20,0,5,29,37,40"	"23,1,5,0,1,3,36,1.81,7.5,45,1,20,0,5,29,37,40"	"23,1,5,0,1,3,36,1.81,7.5,45,1,20,0,5,29,37,40"	"23,1,5,0,1,3,36,1.81,7.5,45,1,20,0,5,29,37,40"
"23,1,2,0,2,2,36,1.81,6,48,1,17,0,2,23,28,53"	"23,1,2,0,2,2,36,1.81,6,48,1,17,0,2,23,28,53"	"23,1,2,0,2,2,36,1.81,6,48,1,17,0,2,23,28,53"	"23,1,2,0,2,2,36,1.81,6,48,1,17,0,2,23,28,53"	"23,1,2,0,2,2,36,1.81,6,48,1,17,0,2,23,28,53"	23	"23,1,2,0,2,2,36,1.81,6,48,1,17,0,2,23,28,53"	"23,1,2,0,2,2,36,1.81,6,48,1,17,0,2,23,28,53"	"23,1,2,0,2,2,36,1.81,6,48,1,17,0,2,23,28,53"	"23,1,2,0,2,2,36,1.81,6,48,1,17,0,2,23,28,53"	"23,1,2,0,2,2,36,1.81,6,48,1,17,0,2,23,28,53"	"23,1,2,0,2,2,36,1.81,6,48,1,17,0,2,23,28,53"	"23,1,2,0,2,2,36,1.81,6,48,1,17,0,2,23,28,53"	"23,1,2,0,2,2,36,1.81,6,48,1,17,0,2,23,28,53"	"23,1,2,0,2,2,36,1.81,6,48,1,17,0,2,23,28,53"	"23,1,2,0,2,2,36,1.81,6,48,1,17,0,2,23,28,53"	"23,1,2,0,2,2,36,1.81,6,48,1,17,0,2,23,28,53"
"23,2,1,0,0,0,29,1.55,4.34,37,3,8,0,2,15,37,35"	"23,2,1,0,0,0,29,1.55,4.34,37,3,8,0,2,15,37,35"	"23,2,1,0,0,0,29,1.55,4.34,37,3,8,0,2,15,37,35"	"23,2,1,0,0,0,29,1.55,4.34,37,3,8,0,2,15,37,35"	"23,2,1,0,0,0,29,1.55,4.34,37,3,8,0,2,15,37,35"	23	"23,2,1,0,0,0,29,1.55,4.34,37,3,8,0,2,15,37,35"	"23,2,1,0,0,0,29,1.55,4.34,37,3,8,0,2,15,37,35"	"23,2,1,0,0,0,29,1.55,4.34,37,3,8,0,2,15,37,35"	"23,2,1,0,0,0,29,1.55,4.34,37,3,8,0,2,15,37,35"	"23,2,1,0,0,0,29,1.55,4.34,37,3,8,0,2,15,37,35"	"23,2,1,0,0,0,29,1.55,4.34,37,3,8,0,2,15,37,35"	"23,2,1,0,0,0,29,1.55,4.34,37,3,8,0,2,15,37,35"	"23,2,1,0,0,0,29,1.55,4.34,37,3,8,0,2,15,37,35"	"23,2,1,0,0,0,29,1.55,4.34,37,3,8,0,2,15,37,35"	"23,2,1,0,0,0,29,1.55,4.34,37,3,8,0,2,15,37,35"	"23,2,1,0,0,0,29,1.55,4.34,37,3,8,0,2,15,37,35"
"22,0,2,0,0,0,22,2.14,9.41,38,4,9,0,1,21,20,23"	"22,0,2,0,0,0,22,2.14,9.41,38,4,9,0,1,21,20,23"	"22,0,2,0,0,0,22,2.14,9.41,38,4,9,0,1,21,20,23"	"22,0,2,0,0,0,22,2.14,9.41,38,4,9,0,1,21,20,23"	"22,0,2,0,0,0,22,2.14,9.41,38,4,9,0,1,21,20,23"	22	"22,0,2,0,0,0,22,2.14,9.41,38,4,9,0,1,21,20,23"	"22,0,2,0,0,0,22,2.14,9.41,38,4,9,0,1,21,20,23"	"22,0,2,0,0,0,22,2.14,9.41,38,4,9,0,1,21,20,23"	"22,0,2,0,0,0,22,2.14,9.41,38,4,9,0,1,21,20,23"	"22,0,2,0,0,0,22,2.14,9.41,38,4,9,0,1,21,20,23"	"22,0,2,0,0,0,22,2.14,9.41,38,4,9,0,1,21,20,23"	"22,0,2,0,0,0,22,2.14,9.41,38,4,9,0,1,21,20,23"	"22,0,2,0,0,0,22,2.14,9.41,38,4,9,0,1,21,20,23"	"22,0,2,0,0,0,22,2.14,9.41,38,4,9,0,1,21,20,23"	"22,0,2,0,0,0,22,2.14,9.41,38,4,9,0,1,21,20,23"	"22,0,2,0,0,0,22,2.14,9.41,38,4,9,0,1,21,20,23"
"22,12,8,0,0,0,135.1,1.2,3.26,142,8,21,0,3,102,167,123"	"22,12,8,0,0,0,135.1,1.2,3.26,142,8,21,0,3,102,167,123"	"22,12,8,0,0,0,135.1,1.2,3.26,142,8,21,0,3,102,167,123"	"22,12,8,0,0,0,135.1,1.2,3.26,142,8,21,0,3,102,167,123"	"22,12,8,0,0,0,135.1,1.2,3.26,142,8,21,0,3,102,167,123"	22	"22,12,8,0,0,0,135.1,1.2,3.26,142,8,21,0,3,102,167,123"	"22,12,8,0,0,0,135.1,1.2,3.26,142,8,21,0,3,102,167,123"	"22,12,8,0,0,0,135.1,1.2,3.26,142,8,21,0,3,102,167,123"	"22,12,8,0,0,0,135.1,1.2,3.26,142,8,21,0,3,102,167,123"	"22,12,8,0,0,0,135.1,1.2,3.26,142,8,21,0,3,102,167,123"	"22,12,8,0,0,0,135.1,1.2,3.26,142,8,21,0,3,102,167,123"	"22,12,8,0,0,0,135.1,1.2,3.26,142,8,21,0,3,102,167,123"	"22,12,8,0,0,0,135.1,1.2,3.26,142,8,21,0,3,102,167,123"	"22,12,8,0,0,0,135.1,1.2,3.26,142,8,21,0,3,102,167,123"	"22,12,8,0,0,0,135.1,1.2,3.26,142,8,21,0,3,102,167,123"	"22,12,8,0,0,0,135.1,1.2,3.26,142,8,21,0,3,102,167,123"
"22,1,3,0,1,1,21.2,2.35,8.31,37,2,14,4,4,12,26,25"	"22,1,3,0,1,1,21.2,2.35,8.31,37,2,14,4,4,12,26,25"	"22,1,3,0,1,1,21.2,2.35,8.31,37,2,14,4,4,12,26,25"	"22,1,3,0,1,1,21.2,2.35,8.31,37,2,14,4,4,12,26,25"	"22,1,3,0,1,1,21.2,2.35,8.31,37,2,14,4,4,12,26,25"	22	"22,1,3,0,1,1,21.2,2.35,8.31,37,2,14,4,4,12,26,25"	"22,1,3,0,1,1,21.2,2.35,8.31,37,2,14,4,4,12,26,25"	"22,1,3,0,1,1,21.2,2.35,8.31,37,2,14,4,4,12,26,25"	"22,1,3,0,1,1,21.2,2.35,8.31,37,2,14,4,4,12,26,25"	"22,1,3,0,1,1,21.2,2.35,8.31,37,2,14,4,4,12,26,25"	"22,1,3,0,1,1,21.2,2.35,8.31,37,2,14,4,4,12,26,25"	"22,1,3,0,1,1,21.2,2.35,8.31,37,2,14,4,4,12,26,25"	"22,1,3,0,1,1,21.2,2.35,8.31,37,2,14,4,4,12,26,25"	"22,1,3,0,1,1,21.2,2.35,8.31,37,2,14,4,4,12,26,25"	"22,1,3,0,1,1,21.2,2.35,8.31,37,2,14,4,4,12,26,25"	"22,1,3,0,1,1,21.2,2.35,8.31,37,2,14,4,4,12,26,25"
"22,6,4,0,0,0,114.1,1.47,4.88,138,12,30,2,4,111,115,112"	"22,6,4,0,0,0,114.1,1.47,4.88,138,12,30,2,4,111,115,112"	"22,6,4,0,0,0,114.1,1.47,4.88,138,12,30,2,4,111,115,112"	"22,6,4,0,0,0,114.1,1.47,4.88,138,12,30,2,4,111,115,112"	"22,6,4,0,0,0,114.1,1.47,4.88,138,12,30,2,4,111,115,112"	22	"22,6,4,0,0,0,114.1,1.47,4.88,138,12,30,2,4,111,115,112"	"22,6,4,0,0,0,114.1,1.47,4.88,138,12,30,2,4,111,115,112"	"22,6,4,0,0,0,114.1,1.47,4.88,138,12,30,2,4,111,115,112"	"22,6,4,0,0,0,114.1,1.47,4.88,138,12,30,2,4,111,115,112"	"22,6,4,0,0,0,114.1,1.47,4.88,138,12,30,2,4,111,115,112"	"22,6,4,0,0,0,114.1,1.47,4.88,138,12,30,2,4,111,115,112"	"22,6,4,0,0,0,114.1,1.47,4.88,138,12,30,2,4,111,115,112"	"22,6,4,0,0,0,114.1,1.47,4.88,138,12,30,2,4,111,115,112"	"22,6,4,0,0,0,114.1,1.47,4.88,138,12,30,2,4,111,115,112"	"22,6,4,0,0,0,114.1,1.47,4.88,138,12,30,2,4,111,115,112"	"22,6,4,0,0,0,114.1,1.47,4.88,138,12,30,2,4,111,115,112"
"22,4,5,0,0,0,116,1.49,3.72,136,9,37,1,3,88,146,91"	"22,4,5,0,0,0,116,1.49,3.72,136,9,37,1,3,88,146,91"	"22,4,5,0,0,0,116,1.49,3.72,136,9,37,1,3,88,146,91"	"22,4,5,0,0,0,116,1.49,3.72,136,9,37,1,3,88,146,91"	"22,4,5,0,0,0,116,1.49,3.72,136,9,37,1,3,88,146,91"	22	"22,4,5,0,0,0,116,1.49,3.72,136,9,37,1,3,88,146,91"	"22,4,5,0,0,0,116,1.49,3.72,136,9,37,1,3,88,146,91"	"22,4,5,0,0,0,116,1.49,3.72,136,9,37,1,3,88,146,91"	"22,4,5,0,0,0,116,1.49,3.72,136,9,37,1,3,88,146,91"	"22,4,5,0,0,0,116,1.49,3.72,136,9,37,1,3,88,146,91"	"22,4,5,0,0,0,116,1.49,3.72,136,9,37,1,3,88,146,91"	"22,4,5,0,0,0,116,1.49,3.72,136,9,37,1,3,88,146,91"	"22,4,5,0,0,0,116,1.49,3.72,136,9,37,1,3,88,146,91"	"22,4,5,0,0,0,116,1.49,3.72,136,9,37,1,3,88,146,91"	"22,4,5,0,0,0,116,1.49,3.72,136,9,37,1,3,88,146,91"	"22,4,5,0,0,0,116,1.49,3.72,136,9,37,1,3,88,146,91"
"21,1,0,1,1,4,13,1.69,6.92,19,2,3,1,2,8,20,11"	"21,1,0,1,1,4,13,1.69,6.92,19,2,3,1,2,8,20,11"	"21,1,0,1,1,4,13,1.69,6.92,19,2,3,1,2,8,20,11"	"21,1,0,1,1,4,13,1.69,6.92,19,2,3,1,2,8,20,11"	"21,1,0,1,1,4,13,1.69,6.92,19,2,3,1,2,8,20,11"	21	"21,1,0,1,1,4,13,1.69,6.92,19,2,3,1,2,8,20,11"	"21,1,0,1,1,4,13,1.69,6.92,19,2,3,1,2,8,20,11"	"21,1,0,1,1,4,13,1.69,6.92,19,2,3,1,2,8,20,11"	"21,1,0,1,1,4,13,1.69,6.92,19,2,3,1,2,8,20,11"	"21,1,0,1,1,4,13,1.69,6.92,19,2,3,1,2,8,20,11"	"21,1,0,1,1,4,13,1.69,6.92,19,2,3,1,2,8,20,11"	"21,1,0,1,1,4,13,1.69,6.92,19,2,3,1,2,8,20,11"	"21,1,0,1,1,4,13,1.69,6.92,19,2,3,1,2,8,20,11"	"21,1,0,1,1,4,13,1.69,6.92,19,2,3,1,2,8,20,11"	"21,1,0,1,1,4,13,1.69,6.92,19,2,3,1,2,8,20,11"	"21,1,0,1,1,4,13,1.69,6.92,19,2,3,1,2,8,20,11"
"21,3,3,0,0,1,68,1.44,4.24,68,5,30,6,6,64,57,80"	"21,3,3,0,0,1,68,1.44,4.24,68,5,30,6,6,64,57,80"	"21,3,3,0,0,1,68,1.44,4.24,68,5,30,6,6,64,57,80"	"21,3,3,0,0,1,68,1.44,4.24,68,5,30,6,6,64,57,80"	"21,3,3,0,0,1,68,1.44,4.24,68,5,30,6,6,64,57,80"	21	"21,3,3,0,0,1,68,1.44,4.24,68,5,30,6,6,64,57,80"	"21,3,3,0,0,1,68,1.44,4.24,68,5,30,6,6,64,57,80"	"21,3,3,0,0,1,68,1.44,4.24,68,5,30,6,6,64,57,80"	"21,3,3,0,0,1,68,1.44,4.24,68,5,30,6,6,64,57,80"	"21,3,3,0,0,1,68,1.44,4.24,68,5,30,6,6,64,57,80"	"21,3,3,0,0,1,68,1.44,4.24,68,5,30,6,6,64,57,80"	"21,3,3,0,0,1,68,1.44,4.24,68,5,30,6,6,64,57,80"	"21,3,3,0,0,1,68,1.44,4.24,68,5,30,6,6,64,57,80"	"21,3,3,0,0,1,68,1.44,4.24,68,5,30,6,6,64,57,80"	"21,3,3,0,0,1,68,1.44,4.24,68,5,30,6,6,64,57,80"	"21,3,3,0,0,1,68,1.44,4.24,68,5,30,6,6,64,57,80"
"21,11,3,0,0,0,130.2,1.42,3.58,145,10,41,0,3,87,179,102"	"21,11,3,0,0,0,130.2,1.42,3.58,145,10,41,0,3,87,179,102"	"21,11,3,0,0,0,130.2,1.42,3.58,145,10,41,0,3,87,179,102"	"21,11,3,0,0,0,130.2,1.42,3.58,145,10,41,0,3,87,179,102"	"21,11,3,0,0,0,130.2,1.42,3.58,145,10,41,0,3,87,179,102"	21	"21,11,3,0,0,0,130.2,1.42,3.58,145,10,41,0,3,87,179,102"	"21,11,3,0,0,0,130.2,1.42,3.58,145,10,41,0,3,87,179,102"	"21,11,3,0,0,0,130.2,1.42,3.58,145,10,41,0,3,87,179,102"	"21,11,3,0,0,0,130.2,1.42,3.58,145,10,41,0,3,87,179,102"	"21,11,3,0,0,0,130.2,1.42,3.58,145,10,41,0,3,87,179,102"	"21,11,3,0,0,0,130.2,1.42,3.58,145,10,41,0,3,87,179,102"	"21,11,3,0,0,0,130.2,1.42,3.58,145,10,41,0,3,87,179,102"	"21,11,3,0,0,0,130.2,1.42,3.58,145,10,41,0,3,87,179,102"	"21,11,3,0,0,0,130.2,1.42,3.58,145,10,41,0,3,87,179,102"	"21,11,3,0,0,0,130.2,1.42,3.58,145,10,41,0,3,87,179,102"	"21,11,3,0,0,0,130.2,1.42,3.58,145,10,41,0,3,87,179,102"
"21,8,7,0,0,0,127,1.29,3.4,128,7,36,3,5,116,147,104"	"21,8,7,0,0,0,127,1.29,3.4,128,7,36,3,5,116,147,104"	"21,8,7,0,0,0,127,1.29,3.4,128,7,36,3,5,116,147,104"	"21,8,7,0,0,0,127,1.29,3.4,128,7,36,3,5,116,147,104"	"21,8,7,0,0,0,127,1.29,3.4,128,7,36,3,5,116,147,104"	21	"21,8,7,0,0,0,127,1.29,3.4,128,7,36,3,5,116,147,104"	"21,8,7,0,0,0,127,1.29,3.4,128,7,36,3,5,116,147,104"	"21,8,7,0,0,0,127,1.29,3.4,128,7,36,3,5,116,147,104"	"21,8,7,0,0,0,127,1.29,3.4,128,7,36,3,5,116,147,104"	"21,8,7,0,0,0,127,1.29,3.4,128,7,36,3,5,116,147,104"	"21,8,7,0,0,0,127,1.29,3.4,128,7,36,3,5,116,147,104"	"21,8,7,0,0,0,127,1.29,3.4,128,7,36,3,5,116,147,104"	"21,8,7,0,0,0,127,1.29,3.4,128,7,36,3,5,116,147,104"	"21,8,7,0,0,0,127,1.29,3.4,128,7,36,3,5,116,147,104"	"21,8,7,0,0,0,127,1.29,3.4,128,7,36,3,5,116,147,104"	"21,8,7,0,0,0,127,1.29,3.4,128,7,36,3,5,116,147,104"
"21,10,7,0,0,0,131,1.18,2.82,133,9,22,2,2,121,143,122"	"21,10,7,0,0,0,131,1.18,2.82,133,9,22,2,2,121,143,122"	"21,10,7,0,0,0,131,1.18,2.82,133,9,22,2,2,121,143,122"	"21,10,7,0,0,0,131,1.18,2.82,133,9,22,2,2,121,143,122"	"21,10,7,0,0,0,131,1.18,2.82,133,9,22,2,2,121,143,122"	21	"21,10,7,0,0,0,131,1.18,2.82,133,9,22,2,2,121,143,122"	"21,10,7,0,0,0,131,1.18,2.82,133,9,22,2,2,121,143,122"	"21,10,7,0,0,0,131,1.18,2.82,133,9,22,2,2,121,143,122"	"21,10,7,0,0,0,131,1.18,2.82,133,9,22,2,2,121,143,122"	"21,10,7,0,0,0,131,1.18,2.82,133,9,22,2,2,121,143,122"	"21,10,7,0,0,0,131,1.18,2.82,133,9,22,2,2,121,143,122"	"21,10,7,0,0,0,131,1.18,2.82,133,9,22,2,2,121,143,122"	"21,10,7,0,0,0,131,1.18,2.82,133,9,22,2,2,121,143,122"	"21,10,7,0,0,0,131,1.18,2.82,133,9,22,2,2,121,143,122"	"21,10,7,0,0,0,131,1.18,2.82,133,9,22,2,2,121,143,122"	"21,10,7,0,0,0,131,1.18,2.82,133,9,22,2,2,121,143,122"
"20,2,0,0,0,1,16.1,2.33,7.16,33,2,5,0,0,10,24,12"	"20,2,0,0,0,1,16.1,2.33,7.16,33,2,5,0,0,10,24,12"	"20,2,0,0,0,1,16.1,2.33,7.16,33,2,5,0,0,10,24,12"	"20,2,0,0,0,1,16.1,2.33,7.16,33,2,5,0,0,10,24,12"	"20,2,0,0,0,1,16.1,2.33,7.16,33,2,5,0,0,10,24,12"	20	"20,2,0,0,0,1,16.1,2.33,7.16,33,2,5,0,0,10,24,12"	"20,2,0,0,0,1,16.1,2.33,7.16,33,2,5,0,0,10,24,12"	"20,2,0,0,0,1,16.1,2.33,7.16,33,2,5,0,0,10,24,12"	"20,2,0,0,0,1,16.1,2.33,7.16,33,2,5,0,0,10,24,12"	"20,2,0,0,0,1,16.1,2.33,7.16,33,2,5,0,0,10,24,12"	"20,2,0,0,0,1,16.1,2.33,7.16,33,2,5,0,0,10,24,12"	"20,2,0,0,0,1,16.1,2.33,7.16,33,2,5,0,0,10,24,12"	"20,2,0,0,0,1,16.1,2.33,7.16,33,2,5,0,0,10,24,12"	"20,2,0,0,0,1,16.1,2.33,7.16,33,2,5,0,0,10,24,12"	"20,2,0,0,0,1,16.1,2.33,7.16,33,2,5,0,0,10,24,12"	"20,2,0,0,0,1,16.1,2.33,7.16,33,2,5,0,0,10,24,12"
"20,4,3,0,0,0,106.2,1.43,3.8,116,10,36,0,4,86,138,80"	"20,4,3,0,0,0,106.2,1.43,3.8,116,10,36,0,4,86,138,80"	"20,4,3,0,0,0,106.2,1.43,3.8,116,10,36,0,4,86,138,80"	"20,4,3,0,0,0,106.2,1.43,3.8,116,10,36,0,4,86,138,80"	"20,4,3,0,0,0,106.2,1.43,3.8,116,10,36,0,4,86,138,80"	20	"20,4,3,0,0,0,106.2,1.43,3.8,116,10,36,0,4,86,138,80"	"20,4,3,0,0,0,106.2,1.43,3.8,116,10,36,0,4,86,138,80"	"20,4,3,0,0,0,106.2,1.43,3.8,116,10,36,0,4,86,138,80"	"20,4,3,0,0,0,106.2,1.43,3.8,116,10,36,0,4,86,138,80"	"20,4,3,0,0,0,106.2,1.43,3.8,116,10,36,0,4,86,138,80"	"20,4,3,0,0,0,106.2,1.43,3.8,116,10,36,0,4,86,138,80"	"20,4,3,0,0,0,106.2,1.43,3.8,116,10,36,0,4,86,138,80"	"20,4,3,0,0,0,106.2,1.43,3.8,116,10,36,0,4,86,138,80"	"20,4,3,0,0,0,106.2,1.43,3.8,116,10,36,0,4,86,138,80"	"20,4,3,0,0,0,106.2,1.43,3.8,116,10,36,0,4,86,138,80"	"20,4,3,0,0,0,106.2,1.43,3.8,116,10,36,0,4,86,138,80"
"20,8,6,0,0,0,124.2,1.12,3.47,129,12,11,2,2,128,131,102"	"20,8,6,0,0,0,124.2,1.12,3.47,129,12,11,2,2,128,131,102"	"20,8,6,0,0,0,124.2,1.12,3.47,129,12,11,2,2,128,131,102"	"20,8,6,0,0,0,124.2,1.12,3.47,129,12,11,2,2,128,131,102"	"20,8,6,0,0,0,124.2,1.12,3.47,129,12,11,2,2,128,131,102"	20	"20,8,6,0,0,0,124.2,1.12,3.47,129,12,11,2,2,128,131,102"	"20,8,6,0,0,0,124.2,1.12,3.47,129,12,11,2,2,128,131,102"	"20,8,6,0,0,0,124.2,1.12,3.47,129,12,11,2,2,128,131,102"	"20,8,6,0,0,0,124.2,1.12,3.47,129,12,11,2,2,128,131,102"	"20,8,6,0,0,0,124.2,1.12,3.47,129,12,11,2,2,128,131,102"	"20,8,6,0,0,0,124.2,1.12,3.47,129,12,11,2,2,128,131,102"	"20,8,6,0,0,0,124.2,1.12,3.47,129,12,11,2,2,128,131,102"	"20,8,6,0,0,0,124.2,1.12,3.47,129,12,11,2,2,128,131,102"	"20,8,6,0,0,0,124.2,1.12,3.47,129,12,11,2,2,128,131,102"	"20,8,6,0,0,0,124.2,1.12,3.47,129,12,11,2,2,128,131,102"	"20,8,6,0,0,0,124.2,1.12,3.47,129,12,11,2,2,128,131,102"
"19,3,0,0,3,0,14.2,2.18,9.2,23,1,9,2,2,3,18,18"	"19,3,0,0,3,0,14.2,2.18,9.2,23,1,9,2,2,3,18,18"	"19,3,0,0,3,0,14.2,2.18,9.2,23,1,9,2,2,3,18,18"	"19,3,0,0,3,0,14.2,2.18,9.2,23,1,9,2,2,3,18,18"	"19,3,0,0,3,0,14.2,2.18,9.2,23,1,9,2,2,3,18,18"	19	"19,3,0,0,3,0,14.2,2.18,9.2,23,1,9,2,2,3,18,18"	"19,3,0,0,3,0,14.2,2.18,9.2,23,1,9,2,2,3,18,18"	"19,3,0,0,3,0,14.2,2.18,9.2,23,1,9,2,2,3,18,18"	"19,3,0,0,3,0,14.2,2.18,9.2,23,1,9,2,2,3,18,18"	"19,3,0,0,3,0,14.2,2.18,9.2,23,1,9,2,2,3,18,18"	"19,3,0,0,3,0,14.2,2.18,9.2,23,1,9,2,2,3,18,18"	"19,3,0,0,3,0,14.2,2.18,9.2,23,1,9,2,2,3,18,18"	"19,3,0,0,3,0,14.2,2.18,9.2,23,1,9,2,2,3,18,18"	"19,3,0,0,3,0,14.2,2.18,9.2,23,1,9,2,2,3,18,18"	"19,3,0,0,3,0,14.2,2.18,9.2,23,1,9,2,2,3,18,18"	"19,3,0,0,3,0,14.2,2.18,9.2,23,1,9,2,2,3,18,18"
"19,1,1,1,2,3,23.1,1.2,4.24,22,4,6,1,1,17,25,27"	"19,1,1,1,2,3,23.1,1.2,4.24,22,4,6,1,1,17,25,27"	"19,1,1,1,2,3,23.1,1.2,4.24,22,4,6,1,1,17,25,27"	"19,1,1,1,2,3,23.1,1.2,4.24,22,4,6,1,1,17,25,27"	"19,1,1,1,2,3,23.1,1.2,4.24,22,4,6,1,1,17,25,27"	19	"19,1,1,1,2,3,23.1,1.2,4.24,22,4,6,1,1,17,25,27"	"19,1,1,1,2,3,23.1,1.2,4.24,22,4,6,1,1,17,25,27"	"19,1,1,1,2,3,23.1,1.2,4.24,22,4,6,1,1,17,25,27"	"19,1,1,1,2,3,23.1,1.2,4.24,22,4,6,1,1,17,25,27"	"19,1,1,1,2,3,23.1,1.2,4.24,22,4,6,1,1,17,25,27"	"19,1,1,1,2,3,23.1,1.2,4.24,22,4,6,1,1,17,25,27"	"19,1,1,1,2,3,23.1,1.2,4.24,22,4,6,1,1,17,25,27"	"19,1,1,1,2,3,23.1,1.2,4.24,22,4,6,1,1,17,25,27"	"19,1,1,1,2,3,23.1,1.2,4.24,22,4,6,1,1,17,25,27"	"19,1,1,1,2,3,23.1,1.2,4.24,22,4,6,1,1,17,25,27"	"19,1,1,1,2,3,23.1,1.2,4.24,22,4,6,1,1,17,25,27"
"19,0,0,0,3,6,14,1.57,2.57,13,2,9,0,0,13,12,13"	"19,0,0,0,3,6,14,1.57,2.57,13,2,9,0,0,13,12,13"	"19,0,0,0,3,6,14,1.57,2.57,13,2,9,0,0,13,12,13"	"19,0,0,0,3,6,14,1.57,2.57,13,2,9,0,0,13,12,13"	"19,0,0,0,3,6,14,1.57,2.57,13,2,9,0,0,13,12,13"	19	"19,0,0,0,3,6,14,1.57,2.57,13,2,9,0,0,13,12,13"	"19,0,0,0,3,6,14,1.57,2.57,13,2,9,0,0,13,12,13"	"19,0,0,0,3,6,14,1.57,2.57,13,2,9,0,0,13,12,13"	"19,0,0,0,3,6,14,1.57,2.57,13,2,9,0,0,13,12,13"	"19,0,0,0,3,6,14,1.57,2.57,13,2,9,0,0,13,12,13"	"19,0,0,0,3,6,14,1.57,2.57,13,2,9,0,0,13,12,13"	"19,0,0,0,3,6,14,1.57,2.57,13,2,9,0,0,13,12,13"	"19,0,0,0,3,6,14,1.57,2.57,13,2,9,0,0,13,12,13"	"19,0,0,0,3,6,14,1.57,2.57,13,2,9,0,0,13,12,13"	"19,0,0,0,3,6,14,1.57,2.57,13,2,9,0,0,13,12,13"	"19,0,0,0,3,6,14,1.57,2.57,13,2,9,0,0,13,12,13"
"19,1,1,0,1,7,16.1,1.71,4.96,25,0,3,0,3,19,10,18"	"19,1,1,0,1,7,16.1,1.71,4.96,25,0,3,0,3,19,10,18"	"19,1,1,0,1,7,16.1,1.71,4.96,25,0,3,0,3,19,10,18"	"19,1,1,0,1,7,16.1,1.71,4.96,25,0,3,0,3,19,10,18"	"19,1,1,0,1,7,16.1,1.71,4.96,25,0,3,0,3,19,10,18"	19	"19,1,1,0,1,7,16.1,1.71,4.96,25,0,3,0,3,19,10,18"	"19,1,1,0,1,7,16.1,1.71,4.96,25,0,3,0,3,19,10,18"	"19,1,1,0,1,7,16.1,1.71,4.96,25,0,3,0,3,19,10,18"	"19,1,1,0,1,7,16.1,1.71,4.96,25,0,3,0,3,19,10,18"	"19,1,1,0,1,7,16.1,1.71,4.96,25,0,3,0,3,19,10,18"	"19,1,1,0,1,7,16.1,1.71,4.96,25,0,3,0,3,19,10,18"	"19,1,1,0,1,7,16.1,1.71,4.96,25,0,3,0,3,19,10,18"	"19,1,1,0,1,7,16.1,1.71,4.96,25,0,3,0,3,19,10,18"	"19,1,1,0,1,7,16.1,1.71,4.96,25,0,3,0,3,19,10,18"	"19,1,1,0,1,7,16.1,1.71,4.96,25,0,3,0,3,19,10,18"	"19,1,1,0,1,7,16.1,1.71,4.96,25,0,3,0,3,19,10,18"
"18,6,7,0,0,0,114,1.32,4.18,122,4,28,1,2,87,116,133"	"18,6,7,0,0,0,114,1.32,4.18,122,4,28,1,2,87,116,133"	"18,6,7,0,0,0,114,1.32,4.18,122,4,28,1,2,87,116,133"	"18,6,7,0,0,0,114,1.32,4.18,122,4,28,1,2,87,116,133"	"18,6,7,0,0,0,114,1.32,4.18,122,4,28,1,2,87,116,133"	18	"18,6,7,0,0,0,114,1.32,4.18,122,4,28,1,2,87,116,133"	"18,6,7,0,0,0,114,1.32,4.18,122,4,28,1,2,87,116,133"	"18,6,7,0,0,0,114,1.32,4.18,122,4,28,1,2,87,116,133"	"18,6,7,0,0,0,114,1.32,4.18,122,4,28,1,2,87,116,133"	"18,6,7,0,0,0,114,1.32,4.18,122,4,28,1,2,87,116,133"	"18,6,7,0,0,0,114,1.32,4.18,122,4,28,1,2,87,116,133"	"18,6,7,0,0,0,114,1.32,4.18,122,4,28,1,2,87,116,133"	"18,6,7,0,0,0,114,1.32,4.18,122,4,28,1,2,87,116,133"	"18,6,7,0,0,0,114,1.32,4.18,122,4,28,1,2,87,116,133"	"18,6,7,0,0,0,114,1.32,4.18,122,4,28,1,2,87,116,133"	"18,6,7,0,0,0,114,1.32,4.18,122,4,28,1,2,87,116,133"
"18,1,0,0,0,0,20.2,1.74,6.97,24,4,12,0,1,17,20,25"	"18,1,0,0,0,0,20.2,1.74,6.97,24,4,12,0,1,17,20,25"	"18,1,0,0,0,0,20.2,1.74,6.97,24,4,12,0,1,17,20,25"	"18,1,0,0,0,0,20.2,1.74,6.97,24,4,12,0,1,17,20,25"	"18,1,0,0,0,0,20.2,1.74,6.97,24,4,12,0,1,17,20,25"	18	"18,1,0,0,0,0,20.2,1.74,6.97,24,4,12,0,1,17,20,25"	"18,1,0,0,0,0,20.2,1.74,6.97,24,4,12,0,1,17,20,25"	"18,1,0,0,0,0,20.2,1.74,6.97,24,4,12,0,1,17,20,25"	"18,1,0,0,0,0,20.2,1.74,6.97,24,4,12,0,1,17,20,25"	"18,1,0,0,0,0,20.2,1.74,6.97,24,4,12,0,1,17,20,25"	"18,1,0,0,0,0,20.2,1.74,6.97,24,4,12,0,1,17,20,25"	"18,1,0,0,0,0,20.2,1.74,6.97,24,4,12,0,1,17,20,25"	"18,1,0,0,0,0,20.2,1.74,6.97,24,4,12,0,1,17,20,25"	"18,1,0,0,0,0,20.2,1.74,6.97,24,4,12,0,1,17,20,25"	"18,1,0,0,0,0,20.2,1.74,6.97,24,4,12,0,1,17,20,25"	"18,1,0,0,0,0,20.2,1.74,6.97,24,4,12,0,1,17,20,25"
"18,2,4,0,0,0,59.1,1.16,4.55,58,8,11,2,7,65,56,52"	"18,2,4,0,0,0,59.1,1.16,4.55,58,8,11,2,7,65,56,52"	"18,2,4,0,0,0,59.1,1.16,4.55,58,8,11,2,7,65,56,52"	"18,2,4,0,0,0,59.1,1.16,4.55,58,8,11,2,7,65,56,52"	"18,2,4,0,0,0,59.1,1.16,4.55,58,8,11,2,7,65,56,52"	18	"18,2,4,0,0,0,59.1,1.16,4.55,58,8,11,2,7,65,56,52"	"18,2,4,0,0,0,59.1,1.16,4.55,58,8,11,2,7,65,56,52"	"18,2,4,0,0,0,59.1,1.16,4.55,58,8,11,2,7,65,56,52"	"18,2,4,0,0,0,59.1,1.16,4.55,58,8,11,2,7,65,56,52"	"18,2,4,0,0,0,59.1,1.16,4.55,58,8,11,2,7,65,56,52"	"18,2,4,0,0,0,59.1,1.16,4.55,58,8,11,2,7,65,56,52"	"18,2,4,0,0,0,59.1,1.16,4.55,58,8,11,2,7,65,56,52"	"18,2,4,0,0,0,59.1,1.16,4.55,58,8,11,2,7,65,56,52"	"18,2,4,0,0,0,59.1,1.16,4.55,58,8,11,2,7,65,56,52"	"18,2,4,0,0,0,59.1,1.16,4.55,58,8,11,2,7,65,56,52"	"18,2,4,0,0,0,59.1,1.16,4.55,58,8,11,2,7,65,56,52"
"17,0,0,0,0,0,18,1.44,7,19,2,7,1,0,11,24,18"	"17,0,0,0,0,0,18,1.44,7,19,2,7,1,0,11,24,18"	"17,0,0,0,0,0,18,1.44,7,19,2,7,1,0,11,24,18"	"17,0,0,0,0,0,18,1.44,7,19,2,7,1,0,11,24,18"	"17,0,0,0,0,0,18,1.44,7,19,2,7,1,0,11,24,18"	17	"17,0,0,0,0,0,18,1.44,7,19,2,7,1,0,11,24,18"	"17,0,0,0,0,0,18,1.44,7,19,2,7,1,0,11,24,18"	"17,0,0,0,0,0,18,1.44,7,19,2,7,1,0,11,24,18"	"17,0,0,0,0,0,18,1.44,7,19,2,7,1,0,11,24,18"	"17,0,0,0,0,0,18,1.44,7,19,2,7,1,0,11,24,18"	"17,0,0,0,0,0,18,1.44,7,19,2,7,1,0,11,24,18"	"17,0,0,0,0,0,18,1.44,7,19,2,7,1,0,11,24,18"	"17,0,0,0,0,0,18,1.44,7,19,2,7,1,0,11,24,18"	"17,0,0,0,0,0,18,1.44,7,19,2,7,1,0,11,24,18"	"17,0,0,0,0,0,18,1.44,7,19,2,7,1,0,11,24,18"	"17,0,0,0,0,0,18,1.44,7,19,2,7,1,0,11,24,18"
"17,3,3,0,0,1,57,1.77,6.63,80,5,21,0,3,22,75,65"	"17,3,3,0,0,1,57,1.77,6.63,80,5,21,0,3,22,75,65"	"17,3,3,0,0,1,57,1.77,6.63,80,5,21,0,3,22,75,65"	"17,3,3,0,0,1,57,1.77,6.63,80,5,21,0,3,22,75,65"	"17,3,3,0,0,1,57,1.77,6.63,80,5,21,0,3,22,75,65"	17	"17,3,3,0,0,1,57,1.77,6.63,80,5,21,0,3,22,75,65"	"17,3,3,0,0,1,57,1.77,6.63,80,5,21,0,3,22,75,65"	"17,3,3,0,0,1,57,1.77,6.63,80,5,21,0,3,22,75,65"	"17,3,3,0,0,1,57,1.77,6.63,80,5,21,0,3,22,75,65"	"17,3,3,0,0,1,57,1.77,6.63,80,5,21,0,3,22,75,65"	"17,3,3,0,0,1,57,1.77,6.63,80,5,21,0,3,22,75,65"	"17,3,3,0,0,1,57,1.77,6.63,80,5,21,0,3,22,75,65"	"17,3,3,0,0,1,57,1.77,6.63,80,5,21,0,3,22,75,65"	"17,3,3,0,0,1,57,1.77,6.63,80,5,21,0,3,22,75,65"	"17,3,3,0,0,1,57,1.77,6.63,80,5,21,0,3,22,75,65"	"17,3,3,0,0,1,57,1.77,6.63,80,5,21,0,3,22,75,65"
"16,0,1,0,1,4,14.1,1.6,6.91,17,2,6,2,1,14,15,13"	"16,0,1,0,1,4,14.1,1.6,6.91,17,2,6,2,1,14,15,13"	"16,0,1,0,1,4,14.1,1.6,6.91,17,2,6,2,1,14,15,13"	"16,0,1,0,1,4,14.1,1.6,6.91,17,2,6,2,1,14,15,13"	"16,0,1,0,1,4,14.1,1.6,6.91,17,2,6,2,1,14,15,13"	16	"16,0,1,0,1,4,14.1,1.6,6.91,17,2,6,2,1,14,15,13"	"16,0,1,0,1,4,14.1,1.6,6.91,17,2,6,2,1,14,15,13"	"16,0,1,0,1,4,14.1,1.6,6.91,17,2,6,2,1,14,15,13"	"16,0,1,0,1,4,14.1,1.6,6.91,17,2,6,2,1,14,15,13"	"16,0,1,0,1,4,14.1,1.6,6.91,17,2,6,2,1,14,15,13"	"16,0,1,0,1,4,14.1,1.6,6.91,17,2,6,2,1,14,15,13"	"16,0,1,0,1,4,14.1,1.6,6.91,17,2,6,2,1,14,15,13"	"16,0,1,0,1,4,14.1,1.6,6.91,17,2,6,2,1,14,15,13"	"16,0,1,0,1,4,14.1,1.6,6.91,17,2,6,2,1,14,15,13"	"16,0,1,0,1,4,14.1,1.6,6.91,17,2,6,2,1,14,15,13"	"16,0,1,0,1,4,14.1,1.6,6.91,17,2,6,2,1,14,15,13"
"15,7,1,0,0,0,73.2,1.13,2.57,55,8,28,1,3,67,57,91"	"15,7,1,0,0,0,73.2,1.13,2.57,55,8,28,1,3,67,57,91"	"15,7,1,0,0,0,73.2,1.13,2.57,55,8,28,1,3,67,57,91"	"15,7,1,0,0,0,73.2,1.13,2.57,55,8,28,1,3,67,57,91"	"15,7,1,0,0,0,73.2,1.13,2.57,55,8,28,1,3,67,57,91"	15	"15,7,1,0,0,0,73.2,1.13,2.57,55,8,28,1,3,67,57,91"	"15,7,1,0,0,0,73.2,1.13,2.57,55,8,28,1,3,67,57,91"	"15,7,1,0,0,0,73.2,1.13,2.57,55,8,28,1,3,67,57,91"	"15,7,1,0,0,0,73.2,1.13,2.57,55,8,28,1,3,67,57,91"	"15,7,1,0,0,0,73.2,1.13,2.57,55,8,28,1,3,67,57,91"	"15,7,1,0,0,0,73.2,1.13,2.57,55,8,28,1,3,67,57,91"	"15,7,1,0,0,0,73.2,1.13,2.57,55,8,28,1,3,67,57,91"	"15,7,1,0,0,0,73.2,1.13,2.57,55,8,28,1,3,67,57,91"	"15,7,1,0,0,0,73.2,1.13,2.57,55,8,28,1,3,67,57,91"	"15,7,1,0,0,0,73.2,1.13,2.57,55,8,28,1,3,67,57,91"	"15,7,1,0,0,0,73.2,1.13,2.57,55,8,28,1,3,67,57,91"
"14,10,3,0,0,0,81.1,1.62,3.65,104,3,28,0,5,37,100,94"	"14,10,3,0,0,0,81.1,1.62,3.65,104,3,28,0,5,37,100,94"	"14,10,3,0,0,0,81.1,1.62,3.65,104,3,28,0,5,37,100,94"	"14,10,3,0,0,0,81.1,1.62,3.65,104,3,28,0,5,37,100,94"	"14,10,3,0,0,0,81.1,1.62,3.65,104,3,28,0,5,37,100,94"	14	"14,10,3,0,0,0,81.1,1.62,3.65,104,3,28,0,5,37,100,94"	"14,10,3,0,0,0,81.1,1.62,3.65,104,3,28,0,5,37,100,94"	"14,10,3,0,0,0,81.1,1.62,3.65,104,3,28,0,5,37,100,94"	"14,10,3,0,0,0,81.1,1.62,3.65,104,3,28,0,5,37,100,94"	"14,10,3,0,0,0,81.1,1.62,3.65,104,3,28,0,5,37,100,94"	"14,10,3,0,0,0,81.1,1.62,3.65,104,3,28,0,5,37,100,94"	"14,10,3,0,0,0,81.1,1.62,3.65,104,3,28,0,5,37,100,94"	"14,10,3,0,0,0,81.1,1.62,3.65,104,3,28,0,5,37,100,94"	"14,10,3,0,0,0,81.1,1.62,3.65,104,3,28,0,5,37,100,94"	"14,10,3,0,0,0,81.1,1.62,3.65,104,3,28,0,5,37,100,94"	"14,10,3,0,0,0,81.1,1.62,3.65,104,3,28,0,5,37,100,94"
"14,1,0,8,1,0,14.1,0.98,1.26,11,0,3,0,0,11,16,14"	"14,1,0,8,1,0,14.1,0.98,1.26,11,0,3,0,0,11,16,14"	"14,1,0,8,1,0,14.1,0.98,1.26,11,0,3,0,0,11,16,14"	"14,1,0,8,1,0,14.1,0.98,1.26,11,0,3,0,0,11,16,14"	"14,1,0,8,1,0,14.1,0.98,1.26,11,0,3,0,0,11,16,14"	14	"14,1,0,8,1,0,14.1,0.98,1.26,11,0,3,0,0,11,16,14"	"14,1,0,8,1,0,14.1,0.98,1.26,11,0,3,0,0,11,16,14"	"14,1,0,8,1,0,14.1,0.98,1.26,11,0,3,0,0,11,16,14"	"14,1,0,8,1,0,14.1,0.98,1.26,11,0,3,0,0,11,16,14"	"14,1,0,8,1,0,14.1,0.98,1.26,11,0,3,0,0,11,16,14"	"14,1,0,8,1,0,14.1,0.98,1.26,11,0,3,0,0,11,16,14"	"14,1,0,8,1,0,14.1,0.98,1.26,11,0,3,0,0,11,16,14"	"14,1,0,8,1,0,14.1,0.98,1.26,11,0,3,0,0,11,16,14"	"14,1,0,8,1,0,14.1,0.98,1.26,11,0,3,0,0,11,16,14"	"14,1,0,8,1,0,14.1,0.98,1.26,11,0,3,0,0,11,16,14"	"14,1,0,8,1,0,14.1,0.98,1.26,11,0,3,0,0,11,16,14"
"12,0,1,0,3,3,7.1,2.45,15.95,14,3,4,1,0,8,7,6"	"12,0,1,0,3,3,7.1,2.45,15.95,14,3,4,1,0,8,7,6"	"12,0,1,0,3,3,7.1,2.45,15.95,14,3,4,1,0,8,7,6"	"12,0,1,0,3,3,7.1,2.45,15.95,14,3,4,1,0,8,7,6"	"12,0,1,0,3,3,7.1,2.45,15.95,14,3,4,1,0,8,7,6"	12	"12,0,1,0,3,3,7.1,2.45,15.95,14,3,4,1,0,8,7,6"	"12,0,1,0,3,3,7.1,2.45,15.95,14,3,4,1,0,8,7,6"	"12,0,1,0,3,3,7.1,2.45,15.95,14,3,4,1,0,8,7,6"	"12,0,1,0,3,3,7.1,2.45,15.95,14,3,4,1,0,8,7,6"	"12,0,1,0,3,3,7.1,2.45,15.95,14,3,4,1,0,8,7,6"	"12,0,1,0,3,3,7.1,2.45,15.95,14,3,4,1,0,8,7,6"	"12,0,1,0,3,3,7.1,2.45,15.95,14,3,4,1,0,8,7,6"	"12,0,1,0,3,3,7.1,2.45,15.95,14,3,4,1,0,8,7,6"	"12,0,1,0,3,3,7.1,2.45,15.95,14,3,4,1,0,8,7,6"	"12,0,1,0,3,3,7.1,2.45,15.95,14,3,4,1,0,8,7,6"	"12,0,1,0,3,3,7.1,2.45,15.95,14,3,4,1,0,8,7,6"
"12,2,4,0,0,0,39.2,1.71,5.22,45,10,23,1,1,34,44,42"	"12,2,4,0,0,0,39.2,1.71,5.22,45,10,23,1,1,34,44,42"	"12,2,4,0,0,0,39.2,1.71,5.22,45,10,23,1,1,34,44,42"	"12,2,4,0,0,0,39.2,1.71,5.22,45,10,23,1,1,34,44,42"	"12,2,4,0,0,0,39.2,1.71,5.22,45,10,23,1,1,34,44,42"	12	"12,2,4,0,0,0,39.2,1.71,5.22,45,10,23,1,1,34,44,42"	"12,2,4,0,0,0,39.2,1.71,5.22,45,10,23,1,1,34,44,42"	"12,2,4,0,0,0,39.2,1.71,5.22,45,10,23,1,1,34,44,42"	"12,2,4,0,0,0,39.2,1.71,5.22,45,10,23,1,1,34,44,42"	"12,2,4,0,0,0,39.2,1.71,5.22,45,10,23,1,1,34,44,42"	"12,2,4,0,0,0,39.2,1.71,5.22,45,10,23,1,1,34,44,42"	"12,2,4,0,0,0,39.2,1.71,5.22,45,10,23,1,1,34,44,42"	"12,2,4,0,0,0,39.2,1.71,5.22,45,10,23,1,1,34,44,42"	"12,2,4,0,0,0,39.2,1.71,5.22,45,10,23,1,1,34,44,42"	"12,2,4,0,0,0,39.2,1.71,5.22,45,10,23,1,1,34,44,42"	"12,2,4,0,0,0,39.2,1.71,5.22,45,10,23,1,1,34,44,42"
"12,2,6,0,0,0,47.2,1.97,8.5,72,8,22,1,6,29,51,58"	"12,2,6,0,0,0,47.2,1.97,8.5,72,8,22,1,6,29,51,58"	"12,2,6,0,0,0,47.2,1.97,8.5,72,8,22,1,6,29,51,58"	"12,2,6,0,0,0,47.2,1.97,8.5,72,8,22,1,6,29,51,58"	"12,2,6,0,0,0,47.2,1.97,8.5,72,8,22,1,6,29,51,58"	12	"12,2,6,0,0,0,47.2,1.97,8.5,72,8,22,1,6,29,51,58"	"12,2,6,0,0,0,47.2,1.97,8.5,72,8,22,1,6,29,51,58"	"12,2,6,0,0,0,47.2,1.97,8.5,72,8,22,1,6,29,51,58"	"12,2,6,0,0,0,47.2,1.97,8.5,72,8,22,1,6,29,51,58"	"12,2,6,0,0,0,47.2,1.97,8.5,72,8,22,1,6,29,51,58"	"12,2,6,0,0,0,47.2,1.97,8.5,72,8,22,1,6,29,51,58"	"12,2,6,0,0,0,47.2,1.97,8.5,72,8,22,1,6,29,51,58"	"12,2,6,0,0,0,47.2,1.97,8.5,72,8,22,1,6,29,51,58"	"12,2,6,0,0,0,47.2,1.97,8.5,72,8,22,1,6,29,51,58"	"12,2,6,0,0,0,47.2,1.97,8.5,72,8,22,1,6,29,51,58"	"12,2,6,0,0,0,47.2,1.97,8.5,72,8,22,1,6,29,51,58"
"12,0,1,0,0,0,10.1,2.23,7.84,17,1,6,0,1,4,11,16"	"12,0,1,0,0,0,10.1,2.23,7.84,17,1,6,0,1,4,11,16"	"12,0,1,0,0,0,10.1,2.23,7.84,17,1,6,0,1,4,11,16"	"12,0,1,0,0,0,10.1,2.23,7.84,17,1,6,0,1,4,11,16"	"12,0,1,0,0,0,10.1,2.23,7.84,17,1,6,0,1,4,11,16"	12	"12,0,1,0,0,0,10.1,2.23,7.84,17,1,6,0,1,4,11,16"	"12,0,1,0,0,0,10.1,2.23,7.84,17,1,6,0,1,4,11,16"	"12,0,1,0,0,0,10.1,2.23,7.84,17,1,6,0,1,4,11,16"	"12,0,1,0,0,0,10.1,2.23,7.84,17,1,6,0,1,4,11,16"	"12,0,1,0,0,0,10.1,2.23,7.84,17,1,6,0,1,4,11,16"	"12,0,1,0,0,0,10.1,2.23,7.84,17,1,6,0,1,4,11,16"	"12,0,1,0,0,0,10.1,2.23,7.84,17,1,6,0,1,4,11,16"	"12,0,1,0,0,0,10.1,2.23,7.84,17,1,6,0,1,4,11,16"	"12,0,1,0,0,0,10.1,2.23,7.84,17,1,6,0,1,4,11,16"	"12,0,1,0,0,0,10.1,2.23,7.84,17,1,6,0,1,4,11,16"	"12,0,1,0,0,0,10.1,2.23,7.84,17,1,6,0,1,4,11,16"
"12,3,5,0,0,0,59,1.83,5.64,81,14,27,0,1,34,55,76"	"12,3,5,0,0,0,59,1.83,5.64,81,14,27,0,1,34,55,76"	"12,3,5,0,0,0,59,1.83,5.64,81,14,27,0,1,34,55,76"	"12,3,5,0,0,0,59,1.83,5.64,81,14,27,0,1,34,55,76"	"12,3,5,0,0,0,59,1.83,5.64,81,14,27,0,1,34,55,76"	12	"12,3,5,0,0,0,59,1.83,5.64,81,14,27,0,1,34,55,76"	"12,3,5,0,0,0,59,1.83,5.64,81,14,27,0,1,34,55,76"	"12,3,5,0,0,0,59,1.83,5.64,81,14,27,0,1,34,55,76"	"12,3,5,0,0,0,59,1.83,5.64,81,14,27,0,1,34,55,76"	"12,3,5,0,0,0,59,1.83,5.64,81,14,27,0,1,34,55,76"	"12,3,5,0,0,0,59,1.83,5.64,81,14,27,0,1,34,55,76"	"12,3,5,0,0,0,59,1.83,5.64,81,14,27,0,1,34,55,76"	"12,3,5,0,0,0,59,1.83,5.64,81,14,27,0,1,34,55,76"	"12,3,5,0,0,0,59,1.83,5.64,81,14,27,0,1,34,55,76"	"12,3,5,0,0,0,59,1.83,5.64,81,14,27,0,1,34,55,76"	"12,3,5,0,0,0,59,1.83,5.64,81,14,27,0,1,34,55,76"
"11,0,1,0,0,0,12.1,1.38,4.38,12,1,5,0,1,8,9,21"	"11,0,1,0,0,0,12.1,1.38,4.38,12,1,5,0,1,8,9,21"	"11,0,1,0,0,0,12.1,1.38,4.38,12,1,5,0,1,8,9,21"	"11,0,1,0,0,0,12.1,1.38,4.38,12,1,5,0,1,8,9,21"	"11,0,1,0,0,0,12.1,1.38,4.38,12,1,5,0,1,8,9,21"	11	"11,0,1,0,0,0,12.1,1.38,4.38,12,1,5,0,1,8,9,21"	"11,0,1,0,0,0,12.1,1.38,4.38,12,1,5,0,1,8,9,21"	"11,0,1,0,0,0,12.1,1.38,4.38,12,1,5,0,1,8,9,21"	"11,0,1,0,0,0,12.1,1.38,4.38,12,1,5,0,1,8,9,21"	"11,0,1,0,0,0,12.1,1.38,4.38,12,1,5,0,1,8,9,21"	"11,0,1,0,0,0,12.1,1.38,4.38,12,1,5,0,1,8,9,21"	"11,0,1,0,0,0,12.1,1.38,4.38,12,1,5,0,1,8,9,21"	"11,0,1,0,0,0,12.1,1.38,4.38,12,1,5,0,1,8,9,21"	"11,0,1,0,0,0,12.1,1.38,4.38,12,1,5,0,1,8,9,21"	"11,0,1,0,0,0,12.1,1.38,4.38,12,1,5,0,1,8,9,21"	"11,0,1,0,0,0,12.1,1.38,4.38,12,1,5,0,1,8,9,21"
"11,0,0,0,0,1,7.2,2.61,9.39,13,0,7,0,2,11,6,6"	"11,0,0,0,0,1,7.2,2.61,9.39,13,0,7,0,2,11,6,6"	"11,0,0,0,0,1,7.2,2.61,9.39,13,0,7,0,2,11,6,6"	"11,0,0,0,0,1,7.2,2.61,9.39,13,0,7,0,2,11,6,6"	"11,0,0,0,0,1,7.2,2.61,9.39,13,0,7,0,2,11,6,6"	11	"11,0,0,0,0,1,7.2,2.61,9.39,13,0,7,0,2,11,6,6"	"11,0,0,0,0,1,7.2,2.61,9.39,13,0,7,0,2,11,6,6"	"11,0,0,0,0,1,7.2,2.61,9.39,13,0,7,0,2,11,6,6"	"11,0,0,0,0,1,7.2,2.61,9.39,13,0,7,0,2,11,6,6"	"11,0,0,0,0,1,7.2,2.61,9.39,13,0,7,0,2,11,6,6"	"11,0,0,0,0,1,7.2,2.61,9.39,13,0,7,0,2,11,6,6"	"11,0,0,0,0,1,7.2,2.61,9.39,13,0,7,0,2,11,6,6"	"11,0,0,0,0,1,7.2,2.61,9.39,13,0,7,0,2,11,6,6"	"11,0,0,0,0,1,7.2,2.61,9.39,13,0,7,0,2,11,6,6"	"11,0,0,0,0,1,7.2,2.61,9.39,13,0,7,0,2,11,6,6"	"11,0,0,0,0,1,7.2,2.61,9.39,13,0,7,0,2,11,6,6"
"11,1,1,0,0,0,10.1,1.84,6.97,15,2,4,0,0,9,8,13"	"11,1,1,0,0,0,10.1,1.84,6.97,15,2,4,0,0,9,8,13"	"11,1,1,0,0,0,10.1,1.84,6.97,15,2,4,0,0,9,8,13"	"11,1,1,0,0,0,10.1,1.84,6.97,15,2,4,0,0,9,8,13"	"11,1,1,0,0,0,10.1,1.84,6.97,15,2,4,0,0,9,8,13"	11	"11,1,1,0,0,0,10.1,1.84,6.97,15,2,4,0,0,9,8,13"	"11,1,1,0,0,0,10.1,1.84,6.97,15,2,4,0,0,9,8,13"	"11,1,1,0,0,0,10.1,1.84,6.97,15,2,4,0,0,9,8,13"	"11,1,1,0,0,0,10.1,1.84,6.97,15,2,4,0,0,9,8,13"	"11,1,1,0,0,0,10.1,1.84,6.97,15,2,4,0,0,9,8,13"	"11,1,1,0,0,0,10.1,1.84,6.97,15,2,4,0,0,9,8,13"	"11,1,1,0,0,0,10.1,1.84,6.97,15,2,4,0,0,9,8,13"	"11,1,1,0,0,0,10.1,1.84,6.97,15,2,4,0,0,9,8,13"	"11,1,1,0,0,0,10.1,1.84,6.97,15,2,4,0,0,9,8,13"	"11,1,1,0,0,0,10.1,1.84,6.97,15,2,4,0,0,9,8,13"	"11,1,1,0,0,0,10.1,1.84,6.97,15,2,4,0,0,9,8,13"
"11,0,0,0,0,2,12.2,1.89,8.53,21,2,3,0,0,8,17,10"	"11,0,0,0,0,2,12.2,1.89,8.53,21,2,3,0,0,8,17,10"	"11,0,0,0,0,2,12.2,1.89,8.53,21,2,3,0,0,8,17,10"	"11,0,0,0,0,2,12.2,1.89,8.53,21,2,3,0,0,8,17,10"	"11,0,0,0,0,2,12.2,1.89,8.53,21,2,3,0,0,8,17,10"	11	"11,0,0,0,0,2,12.2,1.89,8.53,21,2,3,0,0,8,17,10"	"11,0,0,0,0,2,12.2,1.89,8.53,21,2,3,0,0,8,17,10"	"11,0,0,0,0,2,12.2,1.89,8.53,21,2,3,0,0,8,17,10"	"11,0,0,0,0,2,12.2,1.89,8.53,21,2,3,0,0,8,17,10"	"11,0,0,0,0,2,12.2,1.89,8.53,21,2,3,0,0,8,17,10"	"11,0,0,0,0,2,12.2,1.89,8.53,21,2,3,0,0,8,17,10"	"11,0,0,0,0,2,12.2,1.89,8.53,21,2,3,0,0,8,17,10"	"11,0,0,0,0,2,12.2,1.89,8.53,21,2,3,0,0,8,17,10"	"11,0,0,0,0,2,12.2,1.89,8.53,21,2,3,0,0,8,17,10"	"11,0,0,0,0,2,12.2,1.89,8.53,21,2,3,0,0,8,17,10"	"11,0,0,0,0,2,12.2,1.89,8.53,21,2,3,0,0,8,17,10"
"9,0,0,2,0,2,8.2,0.92,5.19,6,1,2,0,0,4,13,9"	"9,0,0,2,0,2,8.2,0.92,5.19,6,1,2,0,0,4,13,9"	"9,0,0,2,0,2,8.2,0.92,5.19,6,1,2,0,0,4,13,9"	"9,0,0,2,0,2,8.2,0.92,5.19,6,1,2,0,0,4,13,9"	"9,0,0,2,0,2,8.2,0.92,5.19,6,1,2,0,0,4,13,9"	9	"9,0,0,2,0,2,8.2,0.92,5.19,6,1,2,0,0,4,13,9"	"9,0,0,2,0,2,8.2,0.92,5.19,6,1,2,0,0,4,13,9"	"9,0,0,2,0,2,8.2,0.92,5.19,6,1,2,0,0,4,13,9"	"9,0,0,2,0,2,8.2,0.92,5.19,6,1,2,0,0,4,13,9"	"9,0,0,2,0,2,8.2,0.92,5.19,6,1,2,0,0,4,13,9"	"9,0,0,2,0,2,8.2,0.92,5.19,6,1,2,0,0,4,13,9"	"9,0,0,2,0,2,8.2,0.92,5.19,6,1,2,0,0,4,13,9"	"9,0,0,2,0,2,8.2,0.92,5.19,6,1,2,0,0,4,13,9"	"9,0,0,2,0,2,8.2,0.92,5.19,6,1,2,0,0,4,13,9"	"9,0,0,2,0,2,8.2,0.92,5.19,6,1,2,0,0,4,13,9"	"9,0,0,2,0,2,8.2,0.92,5.19,6,1,2,0,0,4,13,9"
"9,0,0,0,0,0,9.2,2.07,10.24,14,3,6,0,0,4,13,13"	"9,0,0,0,0,0,9.2,2.07,10.24,14,3,6,0,0,4,13,13"	"9,0,0,0,0,0,9.2,2.07,10.24,14,3,6,0,0,4,13,13"	"9,0,0,0,0,0,9.2,2.07,10.24,14,3,6,0,0,4,13,13"	"9,0,0,0,0,0,9.2,2.07,10.24,14,3,6,0,0,4,13,13"	9	"9,0,0,0,0,0,9.2,2.07,10.24,14,3,6,0,0,4,13,13"	"9,0,0,0,0,0,9.2,2.07,10.24,14,3,6,0,0,4,13,13"	"9,0,0,0,0,0,9.2,2.07,10.24,14,3,6,0,0,4,13,13"	"9,0,0,0,0,0,9.2,2.07,10.24,14,3,6,0,0,4,13,13"	"9,0,0,0,0,0,9.2,2.07,10.24,14,3,6,0,0,4,13,13"	"9,0,0,0,0,0,9.2,2.07,10.24,14,3,6,0,0,4,13,13"	"9,0,0,0,0,0,9.2,2.07,10.24,14,3,6,0,0,4,13,13"	"9,0,0,0,0,0,9.2,2.07,10.24,14,3,6,0,0,4,13,13"	"9,0,0,0,0,0,9.2,2.07,10.24,14,3,6,0,0,4,13,13"	"9,0,0,0,0,0,9.2,2.07,10.24,14,3,6,0,0,4,13,13"	"9,0,0,0,0,0,9.2,2.07,10.24,14,3,6,0,0,4,13,13"
"8,1,0,1,0,0,7.2,1.17,5.87,6,1,3,1,1,4,7,11"	"8,1,0,1,0,0,7.2,1.17,5.87,6,1,3,1,1,4,7,11"	"8,1,0,1,0,0,7.2,1.17,5.87,6,1,3,1,1,4,7,11"	"8,1,0,1,0,0,7.2,1.17,5.87,6,1,3,1,1,4,7,11"	"8,1,0,1,0,0,7.2,1.17,5.87,6,1,3,1,1,4,7,11"	8	"8,1,0,1,0,0,7.2,1.17,5.87,6,1,3,1,1,4,7,11"	"8,1,0,1,0,0,7.2,1.17,5.87,6,1,3,1,1,4,7,11"	"8,1,0,1,0,0,7.2,1.17,5.87,6,1,3,1,1,4,7,11"	"8,1,0,1,0,0,7.2,1.17,5.87,6,1,3,1,1,4,7,11"	"8,1,0,1,0,0,7.2,1.17,5.87,6,1,3,1,1,4,7,11"	"8,1,0,1,0,0,7.2,1.17,5.87,6,1,3,1,1,4,7,11"	"8,1,0,1,0,0,7.2,1.17,5.87,6,1,3,1,1,4,7,11"	"8,1,0,1,0,0,7.2,1.17,5.87,6,1,3,1,1,4,7,11"	"8,1,0,1,0,0,7.2,1.17,5.87,6,1,3,1,1,4,7,11"	"8,1,0,1,0,0,7.2,1.17,5.87,6,1,3,1,1,4,7,11"	"8,1,0,1,0,0,7.2,1.17,5.87,6,1,3,1,1,4,7,11"
"7,0,0,0,0,0,7.1,1.36,3.68,8,0,2,1,0,1,13,8"	"7,0,0,0,0,0,7.1,1.36,3.68,8,0,2,1,0,1,13,8"	"7,0,0,0,0,0,7.1,1.36,3.68,8,0,2,1,0,1,13,8"	"7,0,0,0,0,0,7.1,1.36,3.68,8,0,2,1,0,1,13,8"	"7,0,0,0,0,0,7.1,1.36,3.68,8,0,2,1,0,1,13,8"	7	"7,0,0,0,0,0,7.1,1.36,3.68,8,0,2,1,0,1,13,8"	"7,0,0,0,0,0,7.1,1.36,3.68,8,0,2,1,0,1,13,8"	"7,0,0,0,0,0,7.1,1.36,3.68,8,0,2,1,0,1,13,8"	"7,0,0,0,0,0,7.1,1.36,3.68,8,0,2,1,0,1,13,8"	"7,0,0,0,0,0,7.1,1.36,3.68,8,0,2,1,0,1,13,8"	"7,0,0,0,0,0,7.1,1.36,3.68,8,0,2,1,0,1,13,8"	"7,0,0,0,0,0,7.1,1.36,3.68,8,0,2,1,0,1,13,8"	"7,0,0,0,0,0,7.1,1.36,3.68,8,0,2,1,0,1,13,8"	"7,0,0,0,0,0,7.1,1.36,3.68,8,0,2,1,0,1,13,8"	"7,0,0,0,0,0,7.1,1.36,3.68,8,0,2,1,0,1,13,8"	"7,0,0,0,0,0,7.1,1.36,3.68,8,0,2,1,0,1,13,8"
"7,2,1,0,0,0,18,1.89,8.5,25,3,9,1,0,11,18,21"	"7,2,1,0,0,0,18,1.89,8.5,25,3,9,1,0,11,18,21"	"7,2,1,0,0,0,18,1.89,8.5,25,3,9,1,0,11,18,21"	"7,2,1,0,0,0,18,1.89,8.5,25,3,9,1,0,11,18,21"	"7,2,1,0,0,0,18,1.89,8.5,25,3,9,1,0,11,18,21"	7	"7,2,1,0,0,0,18,1.89,8.5,25,3,9,1,0,11,18,21"	"7,2,1,0,0,0,18,1.89,8.5,25,3,9,1,0,11,18,21"	"7,2,1,0,0,0,18,1.89,8.5,25,3,9,1,0,11,18,21"	"7,2,1,0,0,0,18,1.89,8.5,25,3,9,1,0,11,18,21"	"7,2,1,0,0,0,18,1.89,8.5,25,3,9,1,0,11,18,21"	"7,2,1,0,0,0,18,1.89,8.5,25,3,9,1,0,11,18,21"	"7,2,1,0,0,0,18,1.89,8.5,25,3,9,1,0,11,18,21"	"7,2,1,0,0,0,18,1.89,8.5,25,3,9,1,0,11,18,21"	"7,2,1,0,0,0,18,1.89,8.5,25,3,9,1,0,11,18,21"	"7,2,1,0,0,0,18,1.89,8.5,25,3,9,1,0,11,18,21"	"7,2,1,0,0,0,18,1.89,8.5,25,3,9,1,0,11,18,21"
"7,0,1,1,1,0,6,2.17,12,7,1,6,0,0,4,8,4"	"7,0,1,1,1,0,6,2.17,12,7,1,6,0,0,4,8,4"	"7,0,1,1,1,0,6,2.17,12,7,1,6,0,0,4,8,4"	"7,0,1,1,1,0,6,2.17,12,7,1,6,0,0,4,8,4"	"7,0,1,1,1,0,6,2.17,12,7,1,6,0,0,4,8,4"	7	"7,0,1,1,1,0,6,2.17,12,7,1,6,0,0,4,8,4"	"7,0,1,1,1,0,6,2.17,12,7,1,6,0,0,4,8,4"	"7,0,1,1,1,0,6,2.17,12,7,1,6,0,0,4,8,4"	"7,0,1,1,1,0,6,2.17,12,7,1,6,0,0,4,8,4"	"7,0,1,1,1,0,6,2.17,12,7,1,6,0,0,4,8,4"	"7,0,1,1,1,0,6,2.17,12,7,1,6,0,0,4,8,4"	"7,0,1,1,1,0,6,2.17,12,7,1,6,0,0,4,8,4"	"7,0,1,1,1,0,6,2.17,12,7,1,6,0,0,4,8,4"	"7,0,1,1,1,0,6,2.17,12,7,1,6,0,0,4,8,4"	"7,0,1,1,1,0,6,2.17,12,7,1,6,0,0,4,8,4"	"7,0,1,1,1,0,6,2.17,12,7,1,6,0,0,4,8,4"
"7,0,0,0,0,0,10.2,1.31,5.91,7,2,7,0,0,9,9,13"	"7,0,0,0,0,0,10.2,1.31,5.91,7,2,7,0,0,9,9,13"	"7,0,0,0,0,0,10.2,1.31,5.91,7,2,7,0,0,9,9,13"	"7,0,0,0,0,0,10.2,1.31,5.91,7,2,7,0,0,9,9,13"	"7,0,0,0,0,0,10.2,1.31,5.91,7,2,7,0,0,9,9,13"	7	"7,0,0,0,0,0,10.2,1.31,5.91,7,2,7,0,0,9,9,13"	"7,0,0,0,0,0,10.2,1.31,5.91,7,2,7,0,0,9,9,13"	"7,0,0,0,0,0,10.2,1.31,5.91,7,2,7,0,0,9,9,13"	"7,0,0,0,0,0,10.2,1.31,5.91,7,2,7,0,0,9,9,13"	"7,0,0,0,0,0,10.2,1.31,5.91,7,2,7,0,0,9,9,13"	"7,0,0,0,0,0,10.2,1.31,5.91,7,2,7,0,0,9,9,13"	"7,0,0,0,0,0,10.2,1.31,5.91,7,2,7,0,0,9,9,13"	"7,0,0,0,0,0,10.2,1.31,5.91,7,2,7,0,0,9,9,13"	"7,0,0,0,0,0,10.2,1.31,5.91,7,2,7,0,0,9,9,13"	"7,0,0,0,0,0,10.2,1.31,5.91,7,2,7,0,0,9,9,13"	"7,0,0,0,0,0,10.2,1.31,5.91,7,2,7,0,0,9,9,13"
"7,4,0,0,0,0,40.2,1.5,4.2,43,2,18,0,3,26,50,37"	"7,4,0,0,0,0,40.2,1.5,4.2,43,2,18,0,3,26,50,37"	"7,4,0,0,0,0,40.2,1.5,4.2,43,2,18,0,3,26,50,37"	"7,4,0,0,0,0,40.2,1.5,4.2,43,2,18,0,3,26,50,37"	"7,4,0,0,0,0,40.2,1.5,4.2,43,2,18,0,3,26,50,37"	7	"7,4,0,0,0,0,40.2,1.5,4.2,43,2,18,0,3,26,50,37"	"7,4,0,0,0,0,40.2,1.5,4.2,43,2,18,0,3,26,50,37"	"7,4,0,0,0,0,40.2,1.5,4.2,43,2,18,0,3,26,50,37"	"7,4,0,0,0,0,40.2,1.5,4.2,43,2,18,0,3,26,50,37"	"7,4,0,0,0,0,40.2,1.5,4.2,43,2,18,0,3,26,50,37"	"7,4,0,0,0,0,40.2,1.5,4.2,43,2,18,0,3,26,50,37"	"7,4,0,0,0,0,40.2,1.5,4.2,43,2,18,0,3,26,50,37"	"7,4,0,0,0,0,40.2,1.5,4.2,43,2,18,0,3,26,50,37"	"7,4,0,0,0,0,40.2,1.5,4.2,43,2,18,0,3,26,50,37"	"7,4,0,0,0,0,40.2,1.5,4.2,43,2,18,0,3,26,50,37"	"7,4,0,0,0,0,40.2,1.5,4.2,43,2,18,0,3,26,50,37"
"6,1,0,0,0,3,6.1,0.95,4.26,6,0,0,0,0,8,4,6"	"6,1,0,0,0,3,6.1,0.95,4.26,6,0,0,0,0,8,4,6"	"6,1,0,0,0,3,6.1,0.95,4.26,6,0,0,0,0,8,4,6"	"6,1,0,0,0,3,6.1,0.95,4.26,6,0,0,0,0,8,4,6"	"6,1,0,0,0,3,6.1,0.95,4.26,6,0,0,0,0,8,4,6"	6	"6,1,0,0,0,3,6.1,0.95,4.26,6,0,0,0,0,8,4,6"	"6,1,0,0,0,3,6.1,0.95,4.26,6,0,0,0,0,8,4,6"	"6,1,0,0,0,3,6.1,0.95,4.26,6,0,0,0,0,8,4,6"	"6,1,0,0,0,3,6.1,0.95,4.26,6,0,0,0,0,8,4,6"	"6,1,0,0,0,3,6.1,0.95,4.26,6,0,0,0,0,8,4,6"	"6,1,0,0,0,3,6.1,0.95,4.26,6,0,0,0,0,8,4,6"	"6,1,0,0,0,3,6.1,0.95,4.26,6,0,0,0,0,8,4,6"	"6,1,0,0,0,3,6.1,0.95,4.26,6,0,0,0,0,8,4,6"	"6,1,0,0,0,3,6.1,0.95,4.26,6,0,0,0,0,8,4,6"	"6,1,0,0,0,3,6.1,0.95,4.26,6,0,0,0,0,8,4,6"	"6,1,0,0,0,3,6.1,0.95,4.26,6,0,0,0,0,8,4,6"
"6,0,0,0,1,0,6,2.5,9,13,2,2,0,0,2,10,6"	"6,0,0,0,1,0,6,2.5,9,13,2,2,0,0,2,10,6"	"6,0,0,0,1,0,6,2.5,9,13,2,2,0,0,2,10,6"	"6,0,0,0,1,0,6,2.5,9,13,2,2,0,0,2,10,6"	"6,0,0,0,1,0,6,2.5,9,13,2,2,0,0,2,10,6"	6	"6,0,0,0,1,0,6,2.5,9,13,2,2,0,0,2,10,6"	"6,0,0,0,1,0,6,2.5,9,13,2,2,0,0,2,10,6"	"6,0,0,0,1,0,6,2.5,9,13,2,2,0,0,2,10,6"	"6,0,0,0,1,0,6,2.5,9,13,2,2,0,0,2,10,6"	"6,0,0,0,1,0,6,2.5,9,13,2,2,0,0,2,10,6"	"6,0,0,0,1,0,6,2.5,9,13,2,2,0,0,2,10,6"	"6,0,0,0,1,0,6,2.5,9,13,2,2,0,0,2,10,6"	"6,0,0,0,1,0,6,2.5,9,13,2,2,0,0,2,10,6"	"6,0,0,0,1,0,6,2.5,9,13,2,2,0,0,2,10,6"	"6,0,0,0,1,0,6,2.5,9,13,2,2,0,0,2,10,6"	"6,0,0,0,1,0,6,2.5,9,13,2,2,0,0,2,10,6"
"6,2,3,0,0,0,22.1,2.15,6.04,40,7,8,0,2,8,35,21"	"6,2,3,0,0,0,22.1,2.15,6.04,40,7,8,0,2,8,35,21"	"6,2,3,0,0,0,22.1,2.15,6.04,40,7,8,0,2,8,35,21"	"6,2,3,0,0,0,22.1,2.15,6.04,40,7,8,0,2,8,35,21"	"6,2,3,0,0,0,22.1,2.15,6.04,40,7,8,0,2,8,35,21"	6	"6,2,3,0,0,0,22.1,2.15,6.04,40,7,8,0,2,8,35,21"	"6,2,3,0,0,0,22.1,2.15,6.04,40,7,8,0,2,8,35,21"	"6,2,3,0,0,0,22.1,2.15,6.04,40,7,8,0,2,8,35,21"	"6,2,3,0,0,0,22.1,2.15,6.04,40,7,8,0,2,8,35,21"	"6,2,3,0,0,0,22.1,2.15,6.04,40,7,8,0,2,8,35,21"	"6,2,3,0,0,0,22.1,2.15,6.04,40,7,8,0,2,8,35,21"	"6,2,3,0,0,0,22.1,2.15,6.04,40,7,8,0,2,8,35,21"	"6,2,3,0,0,0,22.1,2.15,6.04,40,7,8,0,2,8,35,21"	"6,2,3,0,0,0,22.1,2.15,6.04,40,7,8,0,2,8,35,21"	"6,2,3,0,0,0,22.1,2.15,6.04,40,7,8,0,2,8,35,21"	"6,2,3,0,0,0,22.1,2.15,6.04,40,7,8,0,2,8,35,21"
"6,0,0,0,0,1,5.2,1.94,7.94,7,0,4,0,1,4,10,3"	"6,0,0,0,0,1,5.2,1.94,7.94,7,0,4,0,1,4,10,3"	"6,0,0,0,0,1,5.2,1.94,7.94,7,0,4,0,1,4,10,3"	"6,0,0,0,0,1,5.2,1.94,7.94,7,0,4,0,1,4,10,3"	"6,0,0,0,0,1,5.2,1.94,7.94,7,0,4,0,1,4,10,3"	6	"6,0,0,0,0,1,5.2,1.94,7.94,7,0,4,0,1,4,10,3"	"6,0,0,0,0,1,5.2,1.94,7.94,7,0,4,0,1,4,10,3"	"6,0,0,0,0,1,5.2,1.94,7.94,7,0,4,0,1,4,10,3"	"6,0,0,0,0,1,5.2,1.94,7.94,7,0,4,0,1,4,10,3"	"6,0,0,0,0,1,5.2,1.94,7.94,7,0,4,0,1,4,10,3"	"6,0,0,0,0,1,5.2,1.94,7.94,7,0,4,0,1,4,10,3"	"6,0,0,0,0,1,5.2,1.94,7.94,7,0,4,0,1,4,10,3"	"6,0,0,0,0,1,5.2,1.94,7.94,7,0,4,0,1,4,10,3"	"6,0,0,0,0,1,5.2,1.94,7.94,7,0,4,0,1,4,10,3"	"6,0,0,0,0,1,5.2,1.94,7.94,7,0,4,0,1,4,10,3"	"6,0,0,0,0,1,5.2,1.94,7.94,7,0,4,0,1,4,10,3"
"6,0,2,0,1,0,21.1,2.2,9.28,36,4,11,0,2,12,27,21"	"6,0,2,0,1,0,21.1,2.2,9.28,36,4,11,0,2,12,27,21"	"6,0,2,0,1,0,21.1,2.2,9.28,36,4,11,0,2,12,27,21"	"6,0,2,0,1,0,21.1,2.2,9.28,36,4,11,0,2,12,27,21"	"6,0,2,0,1,0,21.1,2.2,9.28,36,4,11,0,2,12,27,21"	6	"6,0,2,0,1,0,21.1,2.2,9.28,36,4,11,0,2,12,27,21"	"6,0,2,0,1,0,21.1,2.2,9.28,36,4,11,0,2,12,27,21"	"6,0,2,0,1,0,21.1,2.2,9.28,36,4,11,0,2,12,27,21"	"6,0,2,0,1,0,21.1,2.2,9.28,36,4,11,0,2,12,27,21"	"6,0,2,0,1,0,21.1,2.2,9.28,36,4,11,0,2,12,27,21"	"6,0,2,0,1,0,21.1,2.2,9.28,36,4,11,0,2,12,27,21"	"6,0,2,0,1,0,21.1,2.2,9.28,36,4,11,0,2,12,27,21"	"6,0,2,0,1,0,21.1,2.2,9.28,36,4,11,0,2,12,27,21"	"6,0,2,0,1,0,21.1,2.2,9.28,36,4,11,0,2,12,27,21"	"6,0,2,0,1,0,21.1,2.2,9.28,36,4,11,0,2,12,27,21"	"6,0,2,0,1,0,21.1,2.2,9.28,36,4,11,0,2,12,27,21"
"6,2,0,0,0,0,26.1,1.67,3.42,29,1,15,0,3,14,26,36"	"6,2,0,0,0,0,26.1,1.67,3.42,29,1,15,0,3,14,26,36"	"6,2,0,0,0,0,26.1,1.67,3.42,29,1,15,0,3,14,26,36"	"6,2,0,0,0,0,26.1,1.67,3.42,29,1,15,0,3,14,26,36"	"6,2,0,0,0,0,26.1,1.67,3.42,29,1,15,0,3,14,26,36"	6	"6,2,0,0,0,0,26.1,1.67,3.42,29,1,15,0,3,14,26,36"	"6,2,0,0,0,0,26.1,1.67,3.42,29,1,15,0,3,14,26,36"	"6,2,0,0,0,0,26.1,1.67,3.42,29,1,15,0,3,14,26,36"	"6,2,0,0,0,0,26.1,1.67,3.42,29,1,15,0,3,14,26,36"	"6,2,0,0,0,0,26.1,1.67,3.42,29,1,15,0,3,14,26,36"	"6,2,0,0,0,0,26.1,1.67,3.42,29,1,15,0,3,14,26,36"	"6,2,0,0,0,0,26.1,1.67,3.42,29,1,15,0,3,14,26,36"	"6,2,0,0,0,0,26.1,1.67,3.42,29,1,15,0,3,14,26,36"	"6,2,0,0,0,0,26.1,1.67,3.42,29,1,15,0,3,14,26,36"	"6,2,0,0,0,0,26.1,1.67,3.42,29,1,15,0,3,14,26,36"	"6,2,0,0,0,0,26.1,1.67,3.42,29,1,15,0,3,14,26,36"
"6,1,3,0,0,0,31.2,1.99,6.82,51,4,12,0,1,18,23,51"	"6,1,3,0,0,0,31.2,1.99,6.82,51,4,12,0,1,18,23,51"	"6,1,3,0,0,0,31.2,1.99,6.82,51,4,12,0,1,18,23,51"	"6,1,3,0,0,0,31.2,1.99,6.82,51,4,12,0,1,18,23,51"	"6,1,3,0,0,0,31.2,1.99,6.82,51,4,12,0,1,18,23,51"	6	"6,1,3,0,0,0,31.2,1.99,6.82,51,4,12,0,1,18,23,51"	"6,1,3,0,0,0,31.2,1.99,6.82,51,4,12,0,1,18,23,51"	"6,1,3,0,0,0,31.2,1.99,6.82,51,4,12,0,1,18,23,51"	"6,1,3,0,0,0,31.2,1.99,6.82,51,4,12,0,1,18,23,51"	"6,1,3,0,0,0,31.2,1.99,6.82,51,4,12,0,1,18,23,51"	"6,1,3,0,0,0,31.2,1.99,6.82,51,4,12,0,1,18,23,51"	"6,1,3,0,0,0,31.2,1.99,6.82,51,4,12,0,1,18,23,51"	"6,1,3,0,0,0,31.2,1.99,6.82,51,4,12,0,1,18,23,51"	"6,1,3,0,0,0,31.2,1.99,6.82,51,4,12,0,1,18,23,51"	"6,1,3,0,0,0,31.2,1.99,6.82,51,4,12,0,1,18,23,51"	"6,1,3,0,0,0,31.2,1.99,6.82,51,4,12,0,1,18,23,51"
"5,1,1,0,0,0,21,1.48,3.43,27,2,4,0,2,14,19,30"	"5,1,1,0,0,0,21,1.48,3.43,27,2,4,0,2,14,19,30"	"5,1,1,0,0,0,21,1.48,3.43,27,2,4,0,2,14,19,30"	"5,1,1,0,0,0,21,1.48,3.43,27,2,4,0,2,14,19,30"	"5,1,1,0,0,0,21,1.48,3.43,27,2,4,0,2,14,19,30"	5	"5,1,1,0,0,0,21,1.48,3.43,27,2,4,0,2,14,19,30"	"5,1,1,0,0,0,21,1.48,3.43,27,2,4,0,2,14,19,30"	"5,1,1,0,0,0,21,1.48,3.43,27,2,4,0,2,14,19,30"	"5,1,1,0,0,0,21,1.48,3.43,27,2,4,0,2,14,19,30"	"5,1,1,0,0,0,21,1.48,3.43,27,2,4,0,2,14,19,30"	"5,1,1,0,0,0,21,1.48,3.43,27,2,4,0,2,14,19,30"	"5,1,1,0,0,0,21,1.48,3.43,27,2,4,0,2,14,19,30"	"5,1,1,0,0,0,21,1.48,3.43,27,2,4,0,2,14,19,30"	"5,1,1,0,0,0,21,1.48,3.43,27,2,4,0,2,14,19,30"	"5,1,1,0,0,0,21,1.48,3.43,27,2,4,0,2,14,19,30"	"5,1,1,0,0,0,21,1.48,3.43,27,2,4,0,2,14,19,30"
"5,0,3,0,0,0,16.1,2.02,6.61,22,1,11,0,2,14,18,18"	"5,0,3,0,0,0,16.1,2.02,6.61,22,1,11,0,2,14,18,18"	"5,0,3,0,0,0,16.1,2.02,6.61,22,1,11,0,2,14,18,18"	"5,0,3,0,0,0,16.1,2.02,6.61,22,1,11,0,2,14,18,18"	"5,0,3,0,0,0,16.1,2.02,6.61,22,1,11,0,2,14,18,18"	5	"5,0,3,0,0,0,16.1,2.02,6.61,22,1,11,0,2,14,18,18"	"5,0,3,0,0,0,16.1,2.02,6.61,22,1,11,0,2,14,18,18"	"5,0,3,0,0,0,16.1,2.02,6.61,22,1,11,0,2,14,18,18"	"5,0,3,0,0,0,16.1,2.02,6.61,22,1,11,0,2,14,18,18"	"5,0,3,0,0,0,16.1,2.02,6.61,22,1,11,0,2,14,18,18"	"5,0,3,0,0,0,16.1,2.02,6.61,22,1,11,0,2,14,18,18"	"5,0,3,0,0,0,16.1,2.02,6.61,22,1,11,0,2,14,18,18"	"5,0,3,0,0,0,16.1,2.02,6.61,22,1,11,0,2,14,18,18"	"5,0,3,0,0,0,16.1,2.02,6.61,22,1,11,0,2,14,18,18"	"5,0,3,0,0,0,16.1,2.02,6.61,22,1,11,0,2,14,18,18"	"5,0,3,0,0,0,16.1,2.02,6.61,22,1,11,0,2,14,18,18"
"4,0,0,0,1,0,3,4.33,21,9,0,4,0,0,1,2,6"	"4,0,0,0,1,0,3,4.33,21,9,0,4,0,0,1,2,6"	"4,0,0,0,1,0,3,4.33,21,9,0,4,0,0,1,2,6"	"4,0,0,0,1,0,3,4.33,21,9,0,4,0,0,1,2,6"	"4,0,0,0,1,0,3,4.33,21,9,0,4,0,0,1,2,6"	4	"4,0,0,0,1,0,3,4.33,21,9,0,4,0,0,1,2,6"	"4,0,0,0,1,0,3,4.33,21,9,0,4,0,0,1,2,6"	"4,0,0,0,1,0,3,4.33,21,9,0,4,0,0,1,2,6"	"4,0,0,0,1,0,3,4.33,21,9,0,4,0,0,1,2,6"	"4,0,0,0,1,0,3,4.33,21,9,0,4,0,0,1,2,6"	"4,0,0,0,1,0,3,4.33,21,9,0,4,0,0,1,2,6"	"4,0,0,0,1,0,3,4.33,21,9,0,4,0,0,1,2,6"	"4,0,0,0,1,0,3,4.33,21,9,0,4,0,0,1,2,6"	"4,0,0,0,1,0,3,4.33,21,9,0,4,0,0,1,2,6"	"4,0,0,0,1,0,3,4.33,21,9,0,4,0,0,1,2,6"	"4,0,0,0,1,0,3,4.33,21,9,0,4,0,0,1,2,6"
"4,0,0,0,0,0,4,2,9,6,1,2,0,0,2,0,8"	"4,0,0,0,0,0,4,2,9,6,1,2,0,0,2,0,8"	"4,0,0,0,0,0,4,2,9,6,1,2,0,0,2,0,8"	"4,0,0,0,0,0,4,2,9,6,1,2,0,0,2,0,8"	"4,0,0,0,0,0,4,2,9,6,1,2,0,0,2,0,8"	"4,0,0,0,0,0,4,2,9,6,1,2,0,0,2,0,8"	"4,0,0,0,0,0,4,2,9,6,1,2,0,0,2,0,8"	"4,0,0,0,0,0,4,2,9,6,1,2,0,0,2,0,8"	"4,0,0,0,0,0,4,2,9,6,1,2,0,0,2,0,8"	"4,0,0,0,0,0,4,2,9,6,1,2,0,0,2,0,8"	"4,0,0,0,0,0,4,2,9,6,1,2,0,0,2,0,8"	"4,0,0,0,0,0,4,2,9,6,1,2,0,0,2,0,8"	"4,0,0,0,0,0,4,2,9,6,1,2,0,0,2,0,8"	"4,0,0,0,0,0,4,2,9,6,1,2,0,0,2,0,8"	"4,0,0,0,0,0,4,2,9,6,1,2,0,0,2,0,8"	"4,0,0,0,0,0,4,2,9,6,1,2,0,0,2,0,8"	"4,0,0,0,0,0,4,2,9,6,1,2,0,0,2,0,8"
"3,0,0,0,0,1,1.2,0,0,0,0,0,0,0,0,4,1"	"3,0,0,0,0,1,1.2,0,0,0,0,0,0,0,0,4,1"	"3,0,0,0,0,1,1.2,0,0,0,0,0,0,0,0,4,1"	"3,0,0,0,0,1,1.2,0,0,0,0,0,0,0,0,4,1"	"3,0,0,0,0,1,1.2,0,0,0,0,0,0,0,0,4,1"	"3,0,0,0,0,1,1.2,0,0,0,0,0,0,0,0,4,1"	"3,0,0,0,0,1,1.2,0,0,0,0,0,0,0,0,4,1"	"3,0,0,0,0,1,1.2,0,0,0,0,0,0,0,0,4,1"	"3,0,0,0,0,1,1.2,0,0,0,0,0,0,0,0,4,1"	"3,0,0,0,0,1,1.2,0,0,0,0,0,0,0,0,4,1"	"3,0,0,0,0,1,1.2,0,0,0,0,0,0,0,0,4,1"	"3,0,0,0,0,1,1.2,0,0,0,0,0,0,0,0,4,1"	"3,0,0,0,0,1,1.2,0,0,0,0,0,0,0,0,4,1"	"3,0,0,0,0,1,1.2,0,0,0,0,0,0,0,0,4,1"	"3,0,0,0,0,1,1.2,0,0,0,0,0,0,0,0,4,1"	"3,0,0,0,0,1,1.2,0,0,0,0,0,0,0,0,4,1"	"3,0,0,0,0,1,1.2,0,0,0,0,0,0,0,0,4,1"
"3,0,0,0,1,0,0.1,9,0,3,0,0,0,0,0,0,1"	"3,0,0,0,1,0,0.1,9,0,3,0,0,0,0,0,0,1"	"3,0,0,0,1,0,0.1,9,0,3,0,0,0,0,0,0,1"	"3,0,0,0,1,0,0.1,9,0,3,0,0,0,0,0,0,1"	"3,0,0,0,1,0,0.1,9,0,3,0,0,0,0,0,0,1"	"3,0,0,0,1,0,0.1,9,0,3,0,0,0,0,0,0,1"	"3,0,0,0,1,0,0.1,9,0,3,0,0,0,0,0,0,1"	"3,0,0,0,1,0,0.1,9,0,3,0,0,0,0,0,0,1"	"3,0,0,0,1,0,0.1,9,0,3,0,0,0,0,0,0,1"	"3,0,0,0,1,0,0.1,9,0,3,0,0,0,0,0,0,1"	"3,0,0,0,1,0,0.1,9,0,3,0,0,0,0,0,0,1"	"3,0,0,0,1,0,0.1,9,0,3,0,0,0,0,0,0,1"	"3,0,0,0,1,0,0.1,9,0,3,0,0,0,0,0,0,1"	"3,0,0,0,1,0,0.1,9,0,3,0,0,0,0,0,0,1"	"3,0,0,0,1,0,0.1,9,0,3,0,0,0,0,0,0,1"	"3,0,0,0,1,0,0.1,9,0,3,0,0,0,0,0,0,1"	"3,0,0,0,1,0,0.1,9,0,3,0,0,0,0,0,0,1"
"3,0,0,0,0,1,2.1,1.29,0,2,0,1,0,0,2,2,3"	"3,0,0,0,0,1,2.1,1.29,0,2,0,1,0,0,2,2,3"	"3,0,0,0,0,1,2.1,1.29,0,2,0,1,0,0,2,2,3"	"3,0,0,0,0,1,2.1,1.29,0,2,0,1,0,0,2,2,3"	"3,0,0,0,0,1,2.1,1.29,0,2,0,1,0,0,2,2,3"	"3,0,0,0,0,1,2.1,1.29,0,2,0,1,0,0,2,2,3"	"3,0,0,0,0,1,2.1,1.29,0,2,0,1,0,0,2,2,3"	"3,0,0,0,0,1,2.1,1.29,0,2,0,1,0,0,2,2,3"	"3,0,0,0,0,1,2.1,1.29,0,2,0,1,0,0,2,2,3"	"3,0,0,0,0,1,2.1,1.29,0,2,0,1,0,0,2,2,3"	"3,0,0,0,0,1,2.1,1.29,0,2,0,1,0,0,2,2,3"	"3,0,0,0,0,1,2.1,1.29,0,2,0,1,0,0,2,2,3"	"3,0,0,0,0,1,2.1,1.29,0,2,0,1,0,0,2,2,3"	"3,0,0,0,0,1,2.1,1.29,0,2,0,1,0,0,2,2,3"	"3,0,0,0,0,1,2.1,1.29,0,2,0,1,0,0,2,2,3"	"3,0,0,0,0,1,2.1,1.29,0,2,0,1,0,0,2,2,3"	"3,0,0,0,0,1,2.1,1.29,0,2,0,1,0,0,2,2,3"
"3,1,2,0,0,0,5.2,2.82,9.53,8,1,8,0,0,5,7,6"	"3,1,2,0,0,0,5.2,2.82,9.53,8,1,8,0,0,5,7,6"	"3,1,2,0,0,0,5.2,2.82,9.53,8,1,8,0,0,5,7,6"	"3,1,2,0,0,0,5.2,2.82,9.53,8,1,8,0,0,5,7,6"	"3,1,2,0,0,0,5.2,2.82,9.53,8,1,8,0,0,5,7,6"	"3,1,2,0,0,0,5.2,2.82,9.53,8,1,8,0,0,5,7,6"	"3,1,2,0,0,0,5.2,2.82,9.53,8,1,8,0,0,5,7,6"	"3,1,2,0,0,0,5.2,2.82,9.53,8,1,8,0,0,5,7,6"	"3,1,2,0,0,0,5.2,2.82,9.53,8,1,8,0,0,5,7,6"	"3,1,2,0,0,0,5.2,2.82,9.53,8,1,8,0,0,5,7,6"	"3,1,2,0,0,0,5.2,2.82,9.53,8,1,8,0,0,5,7,6"	"3,1,2,0,0,0,5.2,2.82,9.53,8,1,8,0,0,5,7,6"	"3,1,2,0,0,0,5.2,2.82,9.53,8,1,8,0,0,5,7,6"	"3,1,2,0,0,0,5.2,2.82,9.53,8,1,8,0,0,5,7,6"	"3,1,2,0,0,0,5.2,2.82,9.53,8,1,8,0,0,5,7,6"	"3,1,2,0,0,0,5.2,2.82,9.53,8,1,8,0,0,5,7,6"	"3,1,2,0,0,0,5.2,2.82,9.53,8,1,8,0,0,5,7,6"
"2,0,0,0,0,0,2,2.5,9,5,0,0,0,0,1,2,3"	"2,0,0,0,0,0,2,2.5,9,5,0,0,0,0,1,2,3"	"2,0,0,0,0,0,2,2.5,9,5,0,0,0,0,1,2,3"	"2,0,0,0,0,0,2,2.5,9,5,0,0,0,0,1,2,3"	"2,0,0,0,0,0,2,2.5,9,5,0,0,0,0,1,2,3"	"2,0,0,0,0,0,2,2.5,9,5,0,0,0,0,1,2,3"	"2,0,0,0,0,0,2,2.5,9,5,0,0,0,0,1,2,3"	"2,0,0,0,0,0,2,2.5,9,5,0,0,0,0,1,2,3"	"2,0,0,0,0,0,2,2.5,9,5,0,0,0,0,1,2,3"	"2,0,0,0,0,0,2,2.5,9,5,0,0,0,0,1,2,3"	"2,0,0,0,0,0,2,2.5,9,5,0,0,0,0,1,2,3"	"2,0,0,0,0,0,2,2.5,9,5,0,0,0,0,1,2,3"	"2,0,0,0,0,0,2,2.5,9,5,0,0,0,0,1,2,3"	"2,0,0,0,0,0,2,2.5,9,5,0,0,0,0,1,2,3"	"2,0,0,0,0,0,2,2.5,9,5,0,0,0,0,1,2,3"	"2,0,0,0,0,0,2,2.5,9,5,0,0,0,0,1,2,3"	"2,0,0,0,0,0,2,2.5,9,5,0,0,0,0,1,2,3"
"2,0,0,0,0,0,2,4,22.5,6,2,2,0,0,1,1,4"	"2,0,0,0,0,0,2,4,22.5,6,2,2,0,0,1,1,4"	"2,0,0,0,0,0,2,4,22.5,6,2,2,0,0,1,1,4"	"2,0,0,0,0,0,2,4,22.5,6,2,2,0,0,1,1,4"	"2,0,0,0,0,0,2,4,22.5,6,2,2,0,0,1,1,4"	"2,0,0,0,0,0,2,4,22.5,6,2,2,0,0,1,1,4"	"2,0,0,0,0,0,2,4,22.5,6,2,2,0,0,1,1,4"	"2,0,0,0,0,0,2,4,22.5,6,2,2,0,0,1,1,4"	"2,0,0,0,0,0,2,4,22.5,6,2,2,0,0,1,1,4"	"2,0,0,0,0,0,2,4,22.5,6,2,2,0,0,1,1,4"	"2,0,0,0,0,0,2,4,22.5,6,2,2,0,0,1,1,4"	"2,0,0,0,0,0,2,4,22.5,6,2,2,0,0,1,1,4"	"2,0,0,0,0,0,2,4,22.5,6,2,2,0,0,1,1,4"	"2,0,0,0,0,0,2,4,22.5,6,2,2,0,0,1,1,4"	"2,0,0,0,0,0,2,4,22.5,6,2,2,0,0,1,1,4"	"2,0,0,0,0,0,2,4,22.5,6,2,2,0,0,1,1,4"	"2,0,0,0,0,0,2,4,22.5,6,2,2,0,0,1,1,4"
"2,0,0,0,0,0,0,0,0,0,0,3,0,0,0,0,0"	"2,0,0,0,0,0,0,0,0,0,0,3,0,0,0,0,0"	"2,0,0,0,0,0,0,0,0,0,0,3,0,0,0,0,0"	"2,0,0,0,0,0,0,0,0,0,0,3,0,0,0,0,0"	"2,0,0,0,0,0,0,0,0,0,0,3,0,0,0,0,0"	"2,0,0,0,0,0,0,0,0,0,0,3,0,0,0,0,0"	"2,0,0,0,0,0,0,0,0,0,0,3,0,0,0,0,0"	"2,0,0,0,0,0,0,0,0,0,0,3,0,0,0,0,0"	"2,0,0,0,0,0,0,0,0,0,0,3,0,0,0,0,0"	"2,0,0,0,0,0,0,0,0,0,0,3,0,0,0,0,0"	"2,0,0,0,0,0,0,0,0,0,0,3,0,0,0,0,0"	"2,0,0,0,0,0,0,0,0,0,0,3,0,0,0,0,0"	"2,0,0,0,0,0,0,0,0,0,0,3,0,0,0,0,0"	"2,0,0,0,0,0,0,0,0,0,0,3,0,0,0,0,0"	"2,0,0,0,0,0,0,0,0,0,0,3,0,0,0,0,0"	"2,0,0,0,0,0,0,0,0,0,0,3,0,0,0,0,0"	"2,0,0,0,0,0,0,0,0,0,0,3,0,0,0,0,0"
"2,0,0,0,0,0,7,0.71,0,1,0,4,0,0,4,5,10"	"2,0,0,0,0,0,7,0.71,0,1,0,4,0,0,4,5,10"	"2,0,0,0,0,0,7,0.71,0,1,0,4,0,0,4,5,10"	"2,0,0,0,0,0,7,0.71,0,1,0,4,0,0,4,5,10"	"2,0,0,0,0,0,7,0.71,0,1,0,4,0,0,4,5,10"	"2,0,0,0,0,0,7,0.71,0,1,0,4,0,0,4,5,10"	"2,0,0,0,0,0,7,0.71,0,1,0,4,0,0,4,5,10"	"2,0,0,0,0,0,7,0.71,0,1,0,4,0,0,4,5,10"	"2,0,0,0,0,0,7,0.71,0,1,0,4,0,0,4,5,10"	"2,0,0,0,0,0,7,0.71,0,1,0,4,0,0,4,5,10"	"2,0,0,0,0,0,7,0.71,0,1,0,4,0,0,4,5,10"	"2,0,0,0,0,0,7,0.71,0,1,0,4,0,0,4,5,10"	"2,0,0,0,0,0,7,0.71,0,1,0,4,0,0,4,5,10"	"2,0,0,0,0,0,7,0.71,0,1,0,4,0,0,4,5,10"	"2,0,0,0,0,0,7,0.71,0,1,0,4,0,0,4,5,10"	"2,0,0,0,0,0,7,0.71,0,1,0,4,0,0,4,5,10"	"2,0,0,0,0,0,7,0.71,0,1,0,4,0,0,4,5,10"
"2,0,0,0,0,0,1,5,36,3,1,2,0,1,0,0,3"	"2,0,0,0,0,0,1,5,36,3,1,2,0,1,0,0,3"	"2,0,0,0,0,0,1,5,36,3,1,2,0,1,0,0,3"	"2,0,0,0,0,0,1,5,36,3,1,2,0,1,0,0,3"	"2,0,0,0,0,0,1,5,36,3,1,2,0,1,0,0,3"	"2,0,0,0,0,0,1,5,36,3,1,2,0,1,0,0,3"	"2,0,0,0,0,0,1,5,36,3,1,2,0,1,0,0,3"	"2,0,0,0,0,0,1,5,36,3,1,2,0,1,0,0,3"	"2,0,0,0,0,0,1,5,36,3,1,2,0,1,0,0,3"	"2,0,0,0,0,0,1,5,36,3,1,2,0,1,0,0,3"	"2,0,0,0,0,0,1,5,36,3,1,2,0,1,0,0,3"	"2,0,0,0,0,0,1,5,36,3,1,2,0,1,0,0,3"	"2,0,0,0,0,0,1,5,36,3,1,2,0,1,0,0,3"	"2,0,0,0,0,0,1,5,36,3,1,2,0,1,0,0,3"	"2,0,0,0,0,0,1,5,36,3,1,2,0,1,0,0,3"	"2,0,0,0,0,0,1,5,36,3,1,2,0,1,0,0,3"	"2,0,0,0,0,0,1,5,36,3,1,2,0,1,0,0,3"
"2,1,1,0,0,0,13,1.08,3.46,12,1,2,0,0,14,18,7"	"2,1,1,0,0,0,13,1.08,3.46,12,1,2,0,0,14,18,7"	"2,1,1,0,0,0,13,1.08,3.46,12,1,2,0,0,14,18,7"	"2,1,1,0,0,0,13,1.08,3.46,12,1,2,0,0,14,18,7"	"2,1,1,0,0,0,13,1.08,3.46,12,1,2,0,0,14,18,7"	"2,1,1,0,0,0,13,1.08,3.46,12,1,2,0,0,14,18,7"	"2,1,1,0,0,0,13,1.08,3.46,12,1,2,0,0,14,18,7"	"2,1,1,0,0,0,13,1.08,3.46,12,1,2,0,0,14,18,7"	"2,1,1,0,0,0,13,1.08,3.46,12,1,2,0,0,14,18,7"	"2,1,1,0,0,0,13,1.08,3.46,12,1,2,0,0,14,18,7"	"2,1,1,0,0,0,13,1.08,3.46,12,1,2,0,0,14,18,7"	"2,1,1,0,0,0,13,1.08,3.46,12,1,2,0,0,14,18,7"	"2,1,1,0,0,0,13,1.08,3.46,12,1,2,0,0,14,18,7"	"2,1,1,0,0,0,13,1.08,3.46,12,1,2,0,0,14,18,7"	"2,1,1,0,0,0,13,1.08,3.46,12,1,2,0,0,14,18,7"	"2,1,1,0,0,0,13,1.08,3.46,12,1,2,0,0,14,18,7"	"2,1,1,0,0,0,13,1.08,3.46,12,1,2,0,0,14,18,7"
"1,0,0,0,0,0,1,1,0,1,0,0,0,0,0,0,3"	"1,0,0,0,0,0,1,1,0,1,0,0,0,0,0,0,3"	"1,0,0,0,0,0,1,1,0,1,0,0,0,0,0,0,3"	"1,0,0,0,0,0,1,1,0,1,0,0,0,0,0,0,3"	"1,0,0,0,0,0,1,1,0,1,0,0,0,0,0,0,3"	"1,0,0,0,0,0,1,1,0,1,0,0,0,0,0,0,3"	"1,0,0,0,0,0,1,1,0,1,0,0,0,0,0,0,3"	"1,0,0,0,0,0,1,1,0,1,0,0,0,0,0,0,3"	"1,0,0,0,0,0,1,1,0,1,0,0,0,0,0,0,3"	"1,0,0,0,0,0,1,1,0,1,0,0,0,0,0,0,3"	"1,0,0,0,0,0,1,1,0,1,0,0,0,0,0,0,3"	"1,0,0,0,0,0,1,1,0,1,0,0,0,0,0,0,3"	"1,0,0,0,0,0,1,1,0,1,0,0,0,0,0,0,3"	"1,0,0,0,0,0,1,1,0,1,0,0,0,0,0,0,3"	"1,0,0,0,0,0,1,1,0,1,0,0,0,0,0,0,3"	"1,0,0,0,0,0,1,1,0,1,0,0,0,0,0,0,3"	"1,0,0,0,0,0,1,1,0,1,0,0,0,0,0,0,3"
